1	в	в	ADP	_	_	_	_	_	@pvv1934m-words#@pvv1934m#19.99#20.552
2	эфире	эфир	NOUN	_	Animacy=Inan|Case=Loc|Gender=Masc|Number=Sing	_	_	_	@pvv1934m-words#@pvv1934m#20.552#21.114
3	программа	программа	NOUN	_	Animacy=Inan|Case=Nom|Gender=Fem|Number=Sing	_	_	_	@pvv1934m-words#@pvv1934m#21.114#21.676
4	Познер	Познер	PROPN	_	Animacy=Anim|Case=Nom|Gender=Masc|Number=Sing	_	_	_	@pvv1934m-words#@pvv1934m#21.676#22.238
5	/	/	PUNCT	_	_	_	_	_	@pvv1934m-words#@pvv1934m#22.238#22.8
6	/	/	PUNCT	_	_	_	_	_	@pvv1934m-words#@pvv1934m#22.8#23.345
7	гость	гость	NOUN	_	Animacy=Inan|Case=Nom|Gender=Fem|Number=Sing	_	_	_	@pvv1934m-words#@pvv1934m#23.345#23.89
8	программы	программа	NOUN	_	Animacy=Inan|Case=Gen|Gender=Fem|Number=Sing	_	_	_	@pvv1934m-words#@pvv1934m#23.89#24.435
9	Рената	Рената	PROPN	_	Animacy=Anim|Case=Nom|Gender=Fem|Number=Sing	_	_	_	@pvv1934m-words#@pvv1934m#24.435#24.98
10	Литвинова	Литвинова	PROPN	_	Animacy=Anim|Case=Nom|Gender=Fem|Number=Sing	_	_	_	@pvv1934m-words#@pvv1934m#24.98#25.525
11	/	/	PUNCT	_	_	_	_	_	@pvv1934m-words#@pvv1934m#25.525#26.07
12	режиссер	режиссер	NOUN	_	Animacy=Anim|Case=Nom|Gender=Masc|Number=Sing	_	_	_	@pvv1934m-words#@pvv1934m#26.07#26.442
13	/	/	PUNCT	_	_	_	_	_	@pvv1934m-words#@pvv1934m#26.442#26.814
14	сценарист	сценарист	NOUN	_	Animacy=Anim|Case=Nom|Gender=Masc|Number=Sing	_	_	_	@pvv1934m-words#@pvv1934m#26.814#27.186
15	/	/	PUNCT	_	_	_	_	_	@pvv1934m-words#@pvv1934m#27.186#27.558
16	актриса	актриса	NOUN	_	Animacy=Inan|Case=Gen|Gender=Masc|Number=Sing	_	_	_	@pvv1934m-words#@pvv1934m#27.558#27.93
17	/	/	PUNCT	_	_	_	_	_	@pvv1934m-words#@pvv1934m#27.93#28.302
18	здрасьте	здрасьте	INTJ	_	_	_	_	_	@pvv1934m-words#@pvv1934m#28.302#28.674
19	/	/	PUNCT	_	_	_	_	_	@pvv1934m-words#@pvv1934m#28.674#29.05
20	как	как	ADV	_	Degree=Pos	_	_	_	@pvv1934m-words#@pvv1934m#30.38#30.601
21	вам	вы	PRON	_	Case=Dat|Number=Plur|Person=2	_	_	_	@pvv1934m-words#@pvv1934m#30.601#30.822
22	погода	погода	NOUN	_	Animacy=Inan|Case=Nom|Gender=Fem|Number=Sing	_	_	_	@pvv1934m-words#@pvv1934m#30.822#31.043
23	сегодня	сегодня	ADV	_	Degree=Pos	_	_	_	@pvv1934m-words#@pvv1934m#31.043#31.264
24	?	?	PUNCT	_	_	_	_	_	@pvv1934m-words#@pvv1934m#31.264#31.485
25	/	/	PUNCT	_	_	_	_	_	@pvv1934m-words#@pvv1934m#31.485#31.71
26	да	да	PART	_	_	_	_	_	@pvv1934m-words#@pvv1934m#37.76#37.952
27	/	/	PUNCT	_	_	_	_	_	@pvv1934m-words#@pvv1934m#37.952#38.144
28	скажите	сказать	VERB	_	Aspect=Perf|Mood=Imp|Number=Plur|Person=2|VerbForm=Fin|Voice=Act	_	_	_	@pvv1934m-words#@pvv1934m#38.144#38.336
29	пожалуйста	пожалуйста	ADV	_	Degree=Pos	_	_	_	@pvv1934m-words#@pvv1934m#38.336#38.528
30	/	/	PUNCT	_	_	_	_	_	@pvv1934m-words#@pvv1934m#38.528#38.72
31	а	а	CCONJ	_	_	_	_	_	@pvv1934m-words#@pvv1934m#38.72#38.912
32	не	не	PART	_	_	_	_	_	@pvv1934m-words#@pvv1934m#38.912#39.104
33	депрессивная	депрессивный	ADJ	_	Case=Nom|Degree=Pos|Gender=Fem|Number=Sing	_	_	_	@pvv1934m-words#@pvv1934m#39.104#39.296
34	/	/	PUNCT	_	_	_	_	_	@pvv1934m-words#@pvv1934m#39.296#39.488
35	нет	нет	PART	_	_	_	_	_	@pvv1934m-words#@pvv1934m#39.488#39.68
36	?	?	PUNCT	_	_	_	_	_	@pvv1934m-words#@pvv1934m#39.68#39.872
37	/	/	PUNCT	_	_	_	_	_	@pvv1934m-words#@pvv1934m#39.872#40.07
38	нет	нет	PART	_	_	_	_	_	@pvv1934m-words#@pvv1934m#44.51#44.555
39	?	?	PUNCT	_	_	_	_	_	@pvv1934m-words#@pvv1934m#44.555#44.6
40	здорово	здорово	ADV	_	Degree=Pos	_	_	_	@pvv1934m-words#@pvv1934m#45.88#46.769
41	многие	много	NUM	_	_	_	_	_	@pvv1934m-words#@pvv1934m#47.964#48.564
42	зависят	зависеть	VERB	_	Aspect=Imp|Mood=Ind|Number=Plur|Person=3|Tense=Pres|VerbForm=Fin|Voice=Act	_	_	_	@pvv1934m-words#@pvv1934m#48.564#49.164
43	ну	ну	PART	_	_	_	_	_	@pvv1934m-words#@pvv1934m#49.24#49.812
44	хорошо	хорошо	ADV	_	Degree=Pos	_	_	_	@pvv1934m-words#@pvv1934m#49.812#50.384
45	как-то	как-то	ADV	_	Degree=Pos	_	_	_	@pvv1934m-words#@pvv1934m#51.02#51.484
46	вы	вы	PRON	_	Case=Nom|Number=Plur|Person=2	_	_	_	@pvv1934m-words#@pvv1934m#51.484#51.948
47	сказали	сказать	VERB	_	Aspect=Perf|Mood=Ind|Number=Plur|Tense=Past|VerbForm=Fin|Voice=Act	_	_	_	@pvv1934m-words#@pvv1934m#51.948#52.412
48	такое	такой	DET	_	Case=Acc|Gender=Neut|Number=Sing	_	_	_	@pvv1934m-words#@pvv1934m#52.412#52.876
49	что	что	NOUN	_	Animacy=Inan|Case=Acc|Gender=Neut|Number=Sing	_	_	_	@pvv1934m-words#@pvv1934m#52.876#53.341
50	давать	давать	VERB	_	Aspect=Imp|VerbForm=Inf|Voice=Act	_	_	_	@pvv1934m-words#@pvv1934m#53.341#53.802
51	интервью	интервью	NOUN	_	Animacy=Inan|Case=Acc|Gender=Neut|Number=Sing	_	_	_	@pvv1934m-words#@pvv1934m#53.802#54.263
52	/	/	PUNCT	_	_	_	_	_	@pvv1934m-words#@pvv1934m#54.263#54.724
53	тяжелая	тяжелый	ADJ	_	Case=Nom|Degree=Pos|Gender=Fem|Number=Sing	_	_	_	@pvv1934m-words#@pvv1934m#54.724#55.185
54	необходимость	необходимость	NOUN	_	Animacy=Inan|Case=Nom|Gender=Fem|Number=Sing	_	_	_	@pvv1934m-words#@pvv1934m#55.185#55.646
55	и	и	CCONJ	_	_	_	_	_	@pvv1934m-words#@pvv1934m#55.646#56.107
56	/	/	PUNCT	_	_	_	_	_	@pvv1934m-words#@pvv1934m#56.107#56.568
57	что	что	SCONJ	_	_	_	_	_	@pvv1934m-words#@pvv1934m#56.568#57.029
58	это	это	PRON	_	Animacy=Inan|Case=Nom|Gender=Neut|Number=Sing	_	_	_	@pvv1934m-words#@pvv1934m#57.029#57.49
59	почти	почти	ADV	_	Degree=Pos	_	_	_	@pvv1934m-words#@pvv1934m#57.49#57.951
60	бессмысленно	бессмысленно	ADV	_	Degree=Pos	_	_	_	@pvv1934m-words#@pvv1934m#57.951#58.412
61	/	/	PUNCT	_	_	_	_	_	@pvv1934m-words#@pvv1934m#58.412#58.88
62	ну	ну	PART	_	_	_	_	_	@pvv1934m-words#@pvv1934m#65.93#66.185
63	ладно	ладно	PART	_	_	_	_	_	@pvv1934m-words#@pvv1934m#66.185#66.44
64	а	а	CCONJ	_	_	_	_	_	@pvv1934m-words#@pvv1934m#66.44#66.695
65	почему	почему	ADV	_	Degree=Pos	_	_	_	@pvv1934m-words#@pvv1934m#66.695#66.95
66	быссмысленно	быссмысленно	ADV	_	Degree=Pos	_	_	_	@pvv1934m-words#@pvv1934m#66.95#67.205
67	?	?	PUNCT	_	_	_	_	_	@pvv1934m-words#@pvv1934m#67.205#67.46
68	вообще	вообще	ADV	_	Degree=Pos	_	_	_	@pvv1934m-words#@pvv1934m#84.57#84.918
69	фильм	фильм	NOUN	_	Animacy=Inan|Case=Nom|Gender=Masc|Number=Sing	_	_	_	@pvv1934m-words#@pvv1934m#84.918#85.266
70	действительно	действительно	ADV	_	Degree=Pos	_	_	_	@pvv1934m-words#@pvv1934m#85.266#85.614
71	вышел	выйти	VERB	_	Aspect=Perf|Gender=Masc|Mood=Ind|Number=Sing|Tense=Past|VerbForm=Fin|Voice=Act	_	_	_	@pvv1934m-words#@pvv1934m#85.614#85.962
72	в	в	ADP	_	_	_	_	_	@pvv1934m-words#@pvv1934m#85.962#86.31
73	прокат	прокат	NOUN	_	Animacy=Inan|Case=Acc|Gender=Masc|Number=Sing	_	_	_	@pvv1934m-words#@pvv1934m#86.31#86.658
74	/	/	PUNCT	_	_	_	_	_	@pvv1934m-words#@pvv1934m#86.658#87.006
75	я	я	PRON	_	Case=Nom|Number=Sing|Person=1	_	_	_	@pvv1934m-words#@pvv1934m#87.006#87.354
76	его	он	PRON	_	Case=Acc|Gender=Masc|Number=Sing|Person=3	_	_	_	@pvv1934m-words#@pvv1934m#87.354#87.702
77	посмотрел	посмотреть	VERB	_	Aspect=Perf|Gender=Masc|Mood=Ind|Number=Sing|Tense=Past|VerbForm=Fin|Voice=Act	_	_	_	@pvv1934m-words#@pvv1934m#87.702#88.054
78	ну	ну	PART	_	_	_	_	_	@pvv1934m-words#@pvv1934m#89.355#89.555
79	уж	уж	PART	_	_	_	_	_	@pvv1934m-words#@pvv1934m#89.555#89.755
80	да	да	PART	_	_	_	_	_	@pvv1934m-words#@pvv1934m#92.58#92.858
81	/	/	PUNCT	_	_	_	_	_	@pvv1934m-words#@pvv1934m#92.858#93.136
82	вы	вы	PRON	_	Case=Nom|Number=Plur|Person=2	_	_	_	@pvv1934m-words#@pvv1934m#93.136#93.414
83	ээ	ээ	INTJ	_	_	_	_	_	@pvv1934m-words#@pvv1934m#93.414#93.692
84	/	/	PUNCT	_	_	_	_	_	@pvv1934m-words#@pvv1934m#93.692#93.97
85	режиссер	режиссер	NOUN	_	Animacy=Anim|Case=Nom|Gender=Masc|Number=Sing	_	_	_	@pvv1934m-words#@pvv1934m#93.97#94.248
86	фильма	фильм	NOUN	_	Animacy=Inan|Case=Gen|Gender=Masc|Number=Sing	_	_	_	@pvv1934m-words#@pvv1934m#94.248#94.526
87	/	/	PUNCT	_	_	_	_	_	@pvv1934m-words#@pvv1934m#94.526#94.804
88	вы	вы	PRON	_	Case=Nom|Number=Plur|Person=2	_	_	_	@pvv1934m-words#@pvv1934m#94.804#95.082
89	сценарист	сценарист	NOUN	_	Animacy=Anim|Case=Nom|Gender=Masc|Number=Sing	_	_	_	@pvv1934m-words#@pvv1934m#95.082#95.36
90	фильма	фильм	NOUN	_	Animacy=Inan|Case=Gen|Gender=Masc|Number=Sing	_	_	_	@pvv1934m-words#@pvv1934m#95.36#95.638
91	/	/	PUNCT	_	_	_	_	_	@pvv1934m-words#@pvv1934m#95.638#95.916
92	вы	вы	PRON	_	Case=Nom|Number=Plur|Person=2	_	_	_	@pvv1934m-words#@pvv1934m#95.916#96.194
93	играете	играть	VERB	_	Aspect=Imp|Mood=Ind|Number=Plur|Person=2|Tense=Pres|VerbForm=Fin|Voice=Act	_	_	_	@pvv1934m-words#@pvv1934m#96.194#96.472
94	главную	главный	ADJ	_	Case=Acc|Degree=Pos|Gender=Fem|Number=Sing	_	_	_	@pvv1934m-words#@pvv1934m#96.472#96.75
95	роль	роль	NOUN	_	Animacy=Inan|Case=Acc|Gender=Fem|Number=Sing	_	_	_	@pvv1934m-words#@pvv1934m#96.75#97.028
96	/	/	PUNCT	_	_	_	_	_	@pvv1934m-words#@pvv1934m#97.028#97.306
97	так	так	ADV	_	Degree=Pos	_	_	_	@pvv1934m-words#@pvv1934m#97.306#97.584
98	что	что	SCONJ	_	_	_	_	_	@pvv1934m-words#@pvv1934m#97.584#97.862
99	можно	можно	ADV	_	Degree=Pos	_	_	_	@pvv1934m-words#@pvv1934m#97.862#98.14
100	действительно	действительно	ADV	_	Degree=Pos	_	_	_	@pvv1934m-words#@pvv1934m#98.14#98.418
101	считать	считать	VERB	_	Aspect=Imp|VerbForm=Inf|Voice=Act	_	_	_	@pvv1934m-words#@pvv1934m#98.418#98.696
102	что	что	PRON	_	Case=Acc	_	_	_	@pvv1934m-words#@pvv1934m#98.696#98.974
103	это	это	PRON	_	Animacy=Inan|Case=Acc|Gender=Neut|Number=Sing	_	_	_	@pvv1934m-words#@pvv1934m#98.974#99.252
104	ваша	ваш	DET	_	Case=Nom|Gender=Fem|Number=Sing	_	_	_	@pvv1934m-words#@pvv1934m#99.252#99.53
105	картина	картина	NOUN	_	Animacy=Inan|Case=Nom|Gender=Fem|Number=Sing	_	_	_	@pvv1934m-words#@pvv1934m#99.53#99.808
106	/	/	PUNCT	_	_	_	_	_	@pvv1934m-words#@pvv1934m#99.808#100.086
107	так	так	ADV	_	Degree=Pos	_	_	_	@pvv1934m-words#@pvv1934m#100.086#100.364
108	сказать	сказать	VERB	_	Aspect=Perf|VerbForm=Inf|Voice=Act	_	_	_	@pvv1934m-words#@pvv1934m#100.364#100.642
109	вот	вот	PART	_	_	_	_	_	@pvv1934m-words#@pvv1934m#100.642#100.92
110	насколько	насколько	ADV	_	Degree=Pos	_	_	_	@pvv1934m-words#@pvv1934m#100.92#101.198
111	это	это	PRON	_	Animacy=Inan|Case=Nom|Gender=Neut|Number=Sing	_	_	_	@pvv1934m-words#@pvv1934m#101.198#101.476
112	может	мочь	VERB	_	Aspect=Imp|Mood=Ind|Number=Sing|Person=3|Tense=Pres|VerbForm=Fin|Voice=Act	_	_	_	@pvv1934m-words#@pvv1934m#101.476#101.754
113	быть	быть	AUX	_	Aspect=Imp|VerbForm=Inf|Voice=Act	_	_	_	@pvv1934m-words#@pvv1934m#101.754#102.032
114	картина	картина	NOUN	_	Animacy=Inan|Case=Nom|Gender=Fem|Number=Sing	_	_	_	@pvv1934m-words#@pvv1934m#102.032#102.31
115	одного	один	NUM	_	Case=Gen|Gender=Masc	_	_	_	@pvv1934m-words#@pvv1934m#102.31#102.588
116	человека	человек	NOUN	_	Animacy=Anim|Case=Gen|Gender=Masc|Number=Sing	_	_	_	@pvv1934m-words#@pvv1934m#102.588#102.866
117	то	то	DET	_	Case=Acc|Gender=Neut|Number=Sing	_	_	_	@pvv1934m-words#@pvv1934m#102.866#103.144
118	это	это	PRON	_	Animacy=Inan|Case=Acc|Gender=Neut|Number=Sing	_	_	_	@pvv1934m-words#@pvv1934m#103.144#103.422
119	ваша	ваш	DET	_	Case=Nom|Gender=Fem|Number=Sing	_	_	_	@pvv1934m-words#@pvv1934m#103.422#103.7
120	картина	картина	NOUN	_	Animacy=Inan|Case=Nom|Gender=Fem|Number=Sing	_	_	_	@pvv1934m-words#@pvv1934m#103.7#104.008
121	ага	ага	NOUN	_	Animacy=Inan|Case=Gen|Gender=Masc|Number=Sing	_	_	_	@pvv1934m-words#@pvv1934m#112.129#112.517
122	ну	ну	PART	_	_	_	_	_	@pvv1934m-words#@pvv1934m#112.517#112.905
123	правильно	правильно	ADV	_	Degree=Pos	_	_	_	@pvv1934m-words#@pvv1934m#112.905#113.293
124	/	/	PUNCT	_	_	_	_	_	@pvv1934m-words#@pvv1934m#113.293#113.681
125	так	так	ADV	_	Degree=Pos	_	_	_	@pvv1934m-words#@pvv1934m#113.681#114.069
126	вот	вот	PART	_	_	_	_	_	@pvv1934m-words#@pvv1934m#114.069#114.457
127	у	у	ADP	_	_	_	_	_	@pvv1934m-words#@pvv1934m#114.457#114.845
128	меня	я	PRON	_	Case=Gen|Number=Sing|Person=1	_	_	_	@pvv1934m-words#@pvv1934m#114.845#115.233
129	такой	такой	DET	_	Case=Nom|Gender=Masc|Number=Sing	_	_	_	@pvv1934m-words#@pvv1934m#115.233#115.621
130	вопрос	вопрос	NOUN	_	Animacy=Inan|Case=Nom|Gender=Masc|Number=Sing	_	_	_	@pvv1934m-words#@pvv1934m#115.621#116.009
131	/	/	PUNCT	_	_	_	_	_	@pvv1934m-words#@pvv1934m#116.009#116.397
132	значит	значить	VERB	_	Aspect=Imp|Mood=Ind|Number=Sing|Person=3|Tense=Pres|VerbForm=Fin|Voice=Act	_	_	_	@pvv1934m-words#@pvv1934m#116.397#116.785
133	вы	вы	PRON	_	Case=Nom|Number=Plur|Person=2	_	_	_	@pvv1934m-words#@pvv1934m#116.785#117.173
134	в	в	ADP	_	_	_	_	_	@pvv1934m-words#@pvv1934m#117.173#117.561
135	этом	этот	DET	_	Case=Loc|Gender=Masc|Number=Sing	_	_	_	@pvv1934m-words#@pvv1934m#117.561#117.949
136	фильме	фильм	NOUN	_	Animacy=Inan|Case=Loc|Gender=Masc|Number=Sing	_	_	_	@pvv1934m-words#@pvv1934m#117.949#118.337
137	играете	играть	VERB	_	Aspect=Imp|Mood=Ind|Number=Plur|Person=2|Tense=Pres|VerbForm=Fin|Voice=Act	_	_	_	@pvv1934m-words#@pvv1934m#118.337#118.725
138	медсестру	медсестра	NOUN	_	Animacy=Inan|Case=Acc|Gender=Fem|Number=Sing	_	_	_	@pvv1934m-words#@pvv1934m#118.725#119.113
139	/	/	PUNCT	_	_	_	_	_	@pvv1934m-words#@pvv1934m#119.113#119.509
140	медработник	медработник	NOUN	_	Animacy=Anim|Case=Nom|Gender=Masc|Number=Sing	_	_	_	@pvv1934m-words#@pvv1934m#119.71#120.069
141	/	/	PUNCT	_	_	_	_	_	@pvv1934m-words#@pvv1934m#120.069#120.428
142	да	да	PART	_	_	_	_	_	@pvv1934m-words#@pvv1934m#120.428#120.787
143	/	/	PUNCT	_	_	_	_	_	@pvv1934m-words#@pvv1934m#120.787#121.146
144	Таня	Таня	PROPN	_	Animacy=Anim|Case=Nom|Gender=Fem|Number=Sing	_	_	_	@pvv1934m-words#@pvv1934m#121.146#121.505
145	неубивка	неубивка	NOUN	_	Animacy=Inan|Case=Nom|Gender=Fem|Number=Sing	_	_	_	@pvv1934m-words#@pvv1934m#121.505#121.864
146	которая	который	PRON	_	Case=Nom	_	_	_	@pvv1934m-words#@pvv1934m#121.864#122.223
147	на	на	ADP	_	_	_	_	_	@pvv1934m-words#@pvv1934m#122.223#122.582
148	самом	самый	ADJ	_	Case=Loc|Degree=Pos|Gender=Neut|Number=Sing	_	_	_	@pvv1934m-words#@pvv1934m#122.582#122.941
149	деле	дело	NOUN	_	Animacy=Inan|Case=Loc|Gender=Neut|Number=Sing	_	_	_	@pvv1934m-words#@pvv1934m#122.941#123.3
150	является	являться	VERB	_	Aspect=Imp|Mood=Ind|Number=Sing|Person=3|Tense=Pres|VerbForm=Fin|Voice=Act	_	_	_	@pvv1934m-words#@pvv1934m#123.3#123.659
151	смертью	смерть	NOUN	_	Animacy=Inan|Case=Ins|Gender=Fem|Number=Sing	_	_	_	@pvv1934m-words#@pvv1934m#123.659#124.028
152	ну	ну	PART	_	_	_	_	_	@pvv1934m-words#@pvv1934m#171.14#171.457
153	вообще	вообще	ADV	_	Degree=Pos	_	_	_	@pvv1934m-words#@pvv1934m#171.457#171.774
154	/	/	PUNCT	_	_	_	_	_	@pvv1934m-words#@pvv1934m#171.774#172.091
155	тема	тема	NOUN	_	Animacy=Inan|Case=Nom|Gender=Fem|Number=Sing	_	_	_	@pvv1934m-words#@pvv1934m#172.091#172.408
156	смерти	смерть	NOUN	_	Animacy=Inan|Case=Gen|Gender=Fem|Number=Sing	_	_	_	@pvv1934m-words#@pvv1934m#172.408#172.725
157	вас	вы	PRON	_	Case=Gen|Number=Plur|Person=2	_	_	_	@pvv1934m-words#@pvv1934m#172.725#173.042
158	занимает	занимать	VERB	_	Aspect=Imp|Mood=Ind|Number=Sing|Person=3|Tense=Pres|VerbForm=Fin|Voice=Act	_	_	_	@pvv1934m-words#@pvv1934m#173.042#173.359
159	?	?	PUNCT	_	_	_	_	_	@pvv1934m-words#@pvv1934m#173.359#173.678
160	вот	вот	PART	_	_	_	_	_	@pvv1934m-words#@pvv1934m#193.852#194.294
161	вы	вы	PRON	_	Case=Nom|Number=Plur|Person=2	_	_	_	@pvv1934m-words#@pvv1934m#194.294#194.736
162	как-то	как-то	ADV	_	Degree=Pos	_	_	_	@pvv1934m-words#@pvv1934m#194.736#195.178
163	сказали	сказать	VERB	_	Aspect=Perf|Mood=Ind|Number=Plur|Tense=Past|VerbForm=Fin|Voice=Act	_	_	_	@pvv1934m-words#@pvv1934m#195.178#195.62
164	так	так	ADV	_	Degree=Pos	_	_	_	@pvv1934m-words#@pvv1934m#195.62#196.062
165	что	что	SCONJ	_	_	_	_	_	@pvv1934m-words#@pvv1934m#196.062#196.504
166	вы	вы	PRON	_	Case=Nom|Number=Plur|Person=2	_	_	_	@pvv1934m-words#@pvv1934m#196.504#196.946
167	смерти	смерть	NOUN	_	Animacy=Inan|Case=Gen|Gender=Fem|Number=Sing	_	_	_	@pvv1934m-words#@pvv1934m#196.946#197.388
168	не	не	PART	_	_	_	_	_	@pvv1934m-words#@pvv1934m#197.388#197.83
169	боитесь	бояться	VERB	_	Aspect=Imp|Mood=Ind|Number=Plur|Person=2|Tense=Pres|VerbForm=Fin|Voice=Act	_	_	_	@pvv1934m-words#@pvv1934m#197.83#198.272
170	вы	вы	PRON	_	Case=Nom|Number=Plur|Person=2	_	_	_	@pvv1934m-words#@pvv1934m#198.272#198.714
171	боитесь	бояться	VERB	_	Aspect=Imp|Mood=Ind|Number=Plur|Person=2|Tense=Pres|VerbForm=Fin|Voice=Act	_	_	_	@pvv1934m-words#@pvv1934m#198.714#199.156
172	бессмертия	бессмертие	NOUN	_	Animacy=Inan|Case=Acc|Gender=Neut|Number=Plur	_	_	_	@pvv1934m-words#@pvv1934m#199.156#199.601
173	вот	вот	PART	_	_	_	_	_	@pvv1934m-words#@pvv1934m#200.169#200.383
174	это	это	PRON	_	Animacy=Inan|Case=Acc|Gender=Neut|Number=Sing	_	_	_	@pvv1934m-words#@pvv1934m#200.383#200.597
175	как	как	SCONJ	_	_	_	_	_	@pvv1934m-words#@pvv1934m#200.597#200.811
176	понимать	понимать	VERB	_	Aspect=Imp|VerbForm=Inf|Voice=Act	_	_	_	@pvv1934m-words#@pvv1934m#200.811#201.025
177	?	?	PUNCT	_	_	_	_	_	@pvv1934m-words#@pvv1934m#201.025#201.239
178	вы	вы	PRON	_	Case=Nom|Number=Plur|Person=2	_	_	_	@pvv1934m-words#@pvv1934m#202.43#202.624
179	на	на	ADP	_	_	_	_	_	@pvv1934m-words#@pvv1934m#202.624#202.818
180	самом	самый	ADJ	_	Case=Loc|Degree=Pos|Gender=Neut|Number=Sing	_	_	_	@pvv1934m-words#@pvv1934m#202.818#203.012
181	деле	дело	NOUN	_	Animacy=Inan|Case=Loc|Gender=Neut|Number=Sing	_	_	_	@pvv1934m-words#@pvv1934m#203.012#203.206
182	ее	она	PRON	_	Case=Gen|Gender=Fem|Number=Sing|Person=3	_	_	_	@pvv1934m-words#@pvv1934m#203.206#203.4
183	не	не	PART	_	_	_	_	_	@pvv1934m-words#@pvv1934m#203.4#203.594
184	боитесь	бояться	VERB	_	Aspect=Imp|Mood=Ind|Number=Plur|Person=2|Tense=Pres|VerbForm=Fin|Voice=Act	_	_	_	@pvv1934m-words#@pvv1934m#203.594#203.788
185	?	?	PUNCT	_	_	_	_	_	@pvv1934m-words#@pvv1934m#203.788#203.989
186	я	я	PRON	_	Case=Nom|Number=Sing|Person=1	_	_	_	@pvv1934m-words#@pvv1934m#224.24#224.543
187	да	да	PART	_	_	_	_	_	@pvv1934m-words#@pvv1934m#224.543#224.847
188	я	я	PRON	_	Case=Nom|Number=Sing|Person=1	_	_	_	@pvv1934m-words#@pvv1934m#227.148#227.647
189	абсолютно	абсолютно	ADV	_	Degree=Pos	_	_	_	@pvv1934m-words#@pvv1934m#227.647#228.146
190	точно	точно	ADV	_	Degree=Pos	_	_	_	@pvv1934m-words#@pvv1934m#228.146#228.645
191	знаю	знать	VERB	_	Aspect=Imp|Mood=Ind|Number=Sing|Person=1|Tense=Pres|VerbForm=Fin|Voice=Act	_	_	_	@pvv1934m-words#@pvv1934m#228.645#229.144
192	что	что	PRON	_	Case=Nom	_	_	_	@pvv1934m-words#@pvv1934m#229.144#229.647
193	нет	нет	PART	_	_	_	_	_	@pvv1934m-words#@pvv1934m#230.46#230.679
194	нет	нет	PART	_	_	_	_	_	@pvv1934m-words#@pvv1934m#230.679#230.898
195	/	/	PUNCT	_	_	_	_	_	@pvv1934m-words#@pvv1934m#230.898#231.117
196	я	я	PRON	_	Case=Nom|Number=Sing|Person=1	_	_	_	@pvv1934m-words#@pvv1934m#231.117#231.336
197	знаю	знать	VERB	_	Aspect=Imp|Mood=Ind|Number=Sing|Person=1|Tense=Pres|VerbForm=Fin|Voice=Act	_	_	_	@pvv1934m-words#@pvv1934m#231.336#231.555
198	что	что	PRON	_	Case=Nom	_	_	_	@pvv1934m-words#@pvv1934m#231.555#231.774
199	есть	быть	AUX	_	Aspect=Imp|Mood=Ind|Number=Sing|Person=3|Tense=Pres|VerbForm=Fin|Voice=Act	_	_	_	@pvv1934m-words#@pvv1934m#231.774#231.993
200	смерть	смерть	NOUN	_	Animacy=Inan|Case=Nom|Gender=Fem|Number=Sing	_	_	_	@pvv1934m-words#@pvv1934m#231.993#232.212
201	/	/	PUNCT	_	_	_	_	_	@pvv1934m-words#@pvv1934m#232.212#232.431
202	я	я	PRON	_	Case=Nom|Number=Sing|Person=1	_	_	_	@pvv1934m-words#@pvv1934m#232.431#232.65
203	ж	же	PART	_	_	_	_	_	@pvv1934m-words#@pvv1934m#232.65#232.869
204	все-таки	все-таки	PART	_	_	_	_	_	@pvv1934m-words#@pvv1934m#232.869#233.088
205	биолог	биолог	NOUN	_	Animacy=Anim|Case=Nom|Gender=Masc|Number=Sing	_	_	_	@pvv1934m-words#@pvv1934m#233.088#233.307
206	еще	еще	ADV	_	Degree=Pos	_	_	_	@pvv1934m-words#@pvv1934m#233.307#233.526
207	#смеется#	X	_	_	_	_	_	_	@pvv1934m-words#@pvv1934m#233.526#233.745
208	к	к	ADP	_	_	_	_	_	@pvv1934m-words#@pvv1934m#233.745#233.964
209	тому	то	PRON	_	Animacy=Inan|Case=Dat|Gender=Neut|Number=Sing	_	_	_	@pvv1934m-words#@pvv1934m#233.964#234.183
210	же	же	PART	_	_	_	_	_	@pvv1934m-words#@pvv1934m#234.183#234.402
211	/	/	PUNCT	_	_	_	_	_	@pvv1934m-words#@pvv1934m#234.402#234.621
212	да	да	PART	_	_	_	_	_	@pvv1934m-words#@pvv1934m#234.621#234.84
213	?	?	PUNCT	_	_	_	_	_	@pvv1934m-words#@pvv1934m#234.84#235.059
214	/	/	PUNCT	_	_	_	_	_	@pvv1934m-words#@pvv1934m#235.059#235.278
215	я	я	PRON	_	Case=Nom|Number=Sing|Person=1	_	_	_	@pvv1934m-words#@pvv1934m#235.278#235.497
216	ее	она	PRON	_	Case=Gen|Gender=Fem|Number=Sing|Person=3	_	_	_	@pvv1934m-words#@pvv1934m#235.497#235.716
217	не	не	PART	_	_	_	_	_	@pvv1934m-words#@pvv1934m#235.716#235.935
218	боюсь	бояться	VERB	_	Aspect=Imp|Mood=Ind|Number=Sing|Person=1|Tense=Pres|VerbForm=Fin|Voice=Act	_	_	_	@pvv1934m-words#@pvv1934m#235.935#236.154
219	/	/	PUNCT	_	_	_	_	_	@pvv1934m-words#@pvv1934m#236.154#236.373
220	но	но	CCONJ	_	_	_	_	_	@pvv1934m-words#@pvv1934m#236.373#236.592
221	я	я	PRON	_	Case=Nom|Number=Sing|Person=1	_	_	_	@pvv1934m-words#@pvv1934m#236.592#236.811
222	понимаю	понимать	VERB	_	Aspect=Imp|Mood=Ind|Number=Sing|Person=1|Tense=Pres|VerbForm=Fin|Voice=Act	_	_	_	@pvv1934m-words#@pvv1934m#236.811#237.03
223	что	что	SCONJ	_	_	_	_	_	@pvv1934m-words#@pvv1934m#237.03#237.249
224	это	это	PRON	_	Animacy=Inan|Case=Nom|Gender=Neut|Number=Sing	_	_	_	@pvv1934m-words#@pvv1934m#237.249#237.468
225	конец	конец	NOUN	_	Animacy=Inan|Case=Nom|Gender=Masc|Number=Sing	_	_	_	@pvv1934m-words#@pvv1934m#237.468#237.687
226	/	/	PUNCT	_	_	_	_	_	@pvv1934m-words#@pvv1934m#237.687#237.906
227	для	для	ADP	_	_	_	_	_	@pvv1934m-words#@pvv1934m#237.906#238.125
228	меня	я	PRON	_	Case=Gen|Number=Sing|Person=1	_	_	_	@pvv1934m-words#@pvv1934m#238.125#238.344
229	/	/	PUNCT	_	_	_	_	_	@pvv1934m-words#@pvv1934m#238.344#238.582
230	да	да	PART	_	_	_	_	_	@pvv1934m-words#@pvv1934m#240.22#240.431
231	у	у	ADP	_	_	_	_	_	@pvv1934m-words#@pvv1934m#240.431#240.642
232	меня	я	PRON	_	Case=Gen|Number=Sing|Person=1	_	_	_	@pvv1934m-words#@pvv1934m#240.642#240.853
233	нет	нет	PART	_	_	_	_	_	@pvv1934m-words#@pvv1934m#240.853#241.064
234	никакой	никакой	DET	_	Case=Gen|Gender=Fem|Number=Sing	_	_	_	@pvv1934m-words#@pvv1934m#241.064#241.275
235	души	душа	NOUN	_	Animacy=Inan|Case=Gen|Gender=Fem|Number=Sing	_	_	_	@pvv1934m-words#@pvv1934m#241.275#241.486
236	/	/	PUNCT	_	_	_	_	_	@pvv1934m-words#@pvv1934m#241.486#241.697
237	ни	ни	CCONJ	_	_	_	_	_	@pvv1934m-words#@pvv1934m#241.697#241.908
238	у	у	ADP	_	_	_	_	_	@pvv1934m-words#@pvv1934m#241.908#242.119
239	кого	кто	PRON	_	Case=Gen	_	_	_	@pvv1934m-words#@pvv1934m#242.119#242.33
240	нет	нет	PART	_	_	_	_	_	@pvv1934m-words#@pvv1934m#242.33#242.55
241	на	на	ADP	_	_	_	_	_	@pvv1934m-words#@pvv1934m#243.624#243.86
242	мой	мой	DET	_	Case=Acc|Gender=Masc|Number=Sing	_	_	_	@pvv1934m-words#@pvv1934m#243.86#244.096
243	взгляд	взгляд	NOUN	_	Animacy=Inan|Case=Acc|Gender=Masc|Number=Sing	_	_	_	@pvv1934m-words#@pvv1934m#244.096#244.332
244	/	/	PUNCT	_	_	_	_	_	@pvv1934m-words#@pvv1934m#244.332#244.568
245	но	но	CCONJ	_	_	_	_	_	@pvv1934m-words#@pvv1934m#244.568#244.804
246	это	это	PRON	_	Animacy=Inan|Case=Nom|Gender=Neut|Number=Sing	_	_	_	@pvv1934m-words#@pvv1934m#244.804#245.04
247	не	не	PART	_	_	_	_	_	@pvv1934m-words#@pvv1934m#245.04#245.276
248	важно	важно	ADV	_	Degree=Pos	_	_	_	@pvv1934m-words#@pvv1934m#245.276#245.512
249	/	/	PUNCT	_	_	_	_	_	@pvv1934m-words#@pvv1934m#245.512#245.748
250	я	я	PRON	_	Case=Nom|Number=Sing|Person=1	_	_	_	@pvv1934m-words#@pvv1934m#245.748#245.984
251	не	не	PART	_	_	_	_	_	@pvv1934m-words#@pvv1934m#245.984#246.22
252	хочу	хотеть	VERB	_	Aspect=Imp|Mood=Ind|Number=Sing|Person=1|Tense=Pres|VerbForm=Fin|Voice=Act	_	_	_	@pvv1934m-words#@pvv1934m#246.22#246.456
253	ничего	ничто	PRON	_	Case=Gen	_	_	_	@pvv1934m-words#@pvv1934m#246.456#246.692
254	/	/	PUNCT	_	_	_	_	_	@pvv1934m-words#@pvv1934m#246.692#246.928
255	не	не	PART	_	_	_	_	_	@pvv1934m-words#@pvv1934m#246.928#247.164
256	хочу	хотеть	VERB	_	Aspect=Imp|Mood=Ind|Number=Sing|Person=1|Tense=Pres|VerbForm=Fin|Voice=Act	_	_	_	@pvv1934m-words#@pvv1934m#247.164#247.4
257	навязывать	навязать	VERB	_	Aspect=Imp|VerbForm=Inf|Voice=Act	_	_	_	@pvv1934m-words#@pvv1934m#247.4#247.636
258	это	это	PRON	_	Animacy=Inan|Case=Acc|Gender=Neut|Number=Sing	_	_	_	@pvv1934m-words#@pvv1934m#247.636#247.882
259	ну	ну	PART	_	_	_	_	_	@pvv1934m-words#@pvv1934m#249.7#250.036
260	вот	вот	PART	_	_	_	_	_	@pvv1934m-words#@pvv1934m#250.036#250.372
261	оч	оч	NOUN	_	Animacy=Inan|Case=Nom|Gender=Masc|Number=Sing	_	_	_	@pvv1934m-words#@pvv1934m#250.372#250.708
262	хорошо	хорошо	ADV	_	Degree=Pos	_	_	_	@pvv1934m-words#@pvv1934m#250.708#251.047
263	ну	ну	PART	_	_	_	_	_	@pvv1934m-words#@pvv1934m#251.21#251.517
264	на	на	ADP	_	_	_	_	_	@pvv1934m-words#@pvv1934m#251.517#251.824
265	самом	самый	ADJ	_	Case=Loc|Degree=Pos|Gender=Neut|Number=Sing	_	_	_	@pvv1934m-words#@pvv1934m#251.824#252.131
266	деле	дело	NOUN	_	Animacy=Inan|Case=Loc|Gender=Neut|Number=Sing	_	_	_	@pvv1934m-words#@pvv1934m#252.131#252.438
267	/	/	PUNCT	_	_	_	_	_	@pvv1934m-words#@pvv1934m#252.438#252.745
268	это	это	PRON	_	Animacy=Inan|Case=Nom|Gender=Neut|Number=Sing	_	_	_	@pvv1934m-words#@pvv1934m#252.745#253.052
269	вот	вот	PART	_	_	_	_	_	@pvv1934m-words#@pvv1934m#253.052#253.359
270	была	быть	AUX	_	Aspect=Imp|Gender=Fem|Mood=Ind|Number=Sing|Tense=Past|VerbForm=Fin|Voice=Act	_	_	_	@pvv1934m-words#@pvv1934m#253.359#253.666
271	просто	просто	PART	_	_	_	_	_	@pvv1934m-words#@pvv1934m#253.666#253.973
272	красивая	красивый	ADJ	_	Case=Nom|Degree=Pos|Gender=Fem|Number=Sing	_	_	_	@pvv1934m-words#@pvv1934m#253.973#254.28
273	фраза	фраза	NOUN	_	Animacy=Inan|Case=Nom|Gender=Fem|Number=Sing	_	_	_	@pvv1934m-words#@pvv1934m#254.28#254.587
274	что	что	PRON	_	Case=Acc	_	_	_	@pvv1934m-words#@pvv1934m#254.587#254.894
275	вы	вы	PRON	_	Case=Nom|Number=Plur|Person=2	_	_	_	@pvv1934m-words#@pvv1934m#254.894#255.201
276	боитесь	бояться	VERB	_	Aspect=Imp|Mood=Ind|Number=Plur|Person=2|Tense=Pres|VerbForm=Fin|Voice=Act	_	_	_	@pvv1934m-words#@pvv1934m#255.201#255.508
277	бессмертия	бессмертие	NOUN	_	Animacy=Inan|Case=Nom|Gender=Fem|Number=Sing	_	_	_	@pvv1934m-words#@pvv1934m#255.508#255.815
278	?	?	PUNCT	_	_	_	_	_	@pvv1934m-words#@pvv1934m#255.815#256.122
279	/	/	PUNCT	_	_	_	_	_	@pvv1934m-words#@pvv1934m#256.122#256.436
280	красивая	красивый	ADJ	_	Case=Nom|Degree=Pos|Gender=Fem|Number=Sing	_	_	_	@pvv1934m-words#@pvv1934m#259.697#260.101
281	вообще	вообще	ADV	_	Degree=Pos	_	_	_	@pvv1934m-words#@pvv1934m#260.101#260.505
282	смерть	смерть	NOUN	_	Animacy=Inan|Case=Nom|Gender=Fem|Number=Sing	_	_	_	@pvv1934m-words#@pvv1934m#267.81#268.161
283	это	этот	PRON	_	Animacy=Inan|Case=Nom|Gender=Neut|Number=Sing	_	_	_	@pvv1934m-words#@pvv1934m#268.161#268.512
284	ну	ну	PART	_	_	_	_	_	@pvv1934m-words#@pvv1934m#268.512#268.863
285	то	то	PRON	_	Animacy=Inan|Case=Nom|Gender=Neut|Number=Sing	_	_	_	@pvv1934m-words#@pvv1934m#268.863#269.214
286	куда	куда	ADV	_	Degree=Pos	_	_	_	@pvv1934m-words#@pvv1934m#269.214#269.565
287	мы	мы	PRON	_	Case=Nom|Number=Plur|Person=1	_	_	_	@pvv1934m-words#@pvv1934m#269.565#269.916
288	все	весь	DET	_	Case=Nom|Number=Plur	_	_	_	@pvv1934m-words#@pvv1934m#269.916#270.267
289	идем	идти	VERB	_	Aspect=Imp|Mood=Ind|Number=Plur|Person=1|Tense=Pres|VerbForm=Fin|Voice=Act	_	_	_	@pvv1934m-words#@pvv1934m#270.267#270.618
290	и	и	CCONJ	_	_	_	_	_	@pvv1934m-words#@pvv1934m#270.618#270.969
291	чем	что	PRON	_	Case=Ins	_	_	_	@pvv1934m-words#@pvv1934m#270.969#271.32
292	все	все	PRON	_	Animacy=Inan|Case=Nom|Gender=Neut|Number=Sing	_	_	_	@pvv1934m-words#@pvv1934m#271.32#271.671
293	кончается	кончаться	VERB	_	Aspect=Imp|Mood=Ind|Number=Sing|Person=3|Tense=Pres|VerbForm=Fin|Voice=Act	_	_	_	@pvv1934m-words#@pvv1934m#271.671#272.022
294	по	по	ADP	_	_	_	_	_	@pvv1934m-words#@pvv1934m#272.022#272.373
295	крайней	крайний	ADJ	_	Case=Dat|Degree=Pos|Gender=Fem|Number=Sing	_	_	_	@pvv1934m-words#@pvv1934m#272.373#272.724
296	мере	мера	NOUN	_	Animacy=Inan|Case=Dat|Gender=Fem|Number=Sing	_	_	_	@pvv1934m-words#@pvv1934m#272.724#273.075
297	на	на	ADP	_	_	_	_	_	@pvv1934m-words#@pvv1934m#273.075#273.426
298	земле	земля	NOUN	_	Animacy=Inan|Case=Loc|Gender=Fem|Number=Sing	_	_	_	@pvv1934m-words#@pvv1934m#273.426#273.777
299	/	/	PUNCT	_	_	_	_	_	@pvv1934m-words#@pvv1934m#273.777#274.128
300	насколько	насколько	SCONJ	_	_	_	_	_	@pvv1934m-words#@pvv1934m#274.128#274.479
301	нам	мы	PRON	_	Case=Dat|Number=Plur|Person=1	_	_	_	@pvv1934m-words#@pvv1934m#274.479#274.83
302	известно	известно	ADV	_	Degree=Pos	_	_	_	@pvv1934m-words#@pvv1934m#274.83#275.181
303	/	/	PUNCT	_	_	_	_	_	@pvv1934m-words#@pvv1934m#275.181#275.541
304	да	да	PART	_	_	_	_	_	@pvv1934m-words#@pvv1934m#280.66#280.842
305	/	/	PUNCT	_	_	_	_	_	@pvv1934m-words#@pvv1934m#280.842#281.024
306	если	если	SCONJ	_	_	_	_	_	@pvv1934m-words#@pvv1934m#281.024#281.206
307	есть	быть	VERB	_	Aspect=Imp|Mood=Ind|Number=Sing|Person=3|Tense=Pres|VerbForm=Fin|Voice=Act	_	_	_	@pvv1934m-words#@pvv1934m#281.206#281.388
308	переход	перехода	NOUN	_	Animacy=Inan|Case=Nom|Gender=Masc|Number=Sing	_	_	_	@pvv1934m-words#@pvv1934m#281.388#281.57
309	то	то	SCONJ	_	_	_	_	_	@pvv1934m-words#@pvv1934m#281.57#281.752
310	да	да	PART	_	_	_	_	_	@pvv1934m-words#@pvv1934m#281.752#281.934
311	/	/	PUNCT	_	_	_	_	_	@pvv1934m-words#@pvv1934m#281.934#282.116
312	а	а	CCONJ	_	_	_	_	_	@pvv1934m-words#@pvv1934m#282.116#282.298
313	если	если	SCONJ	_	_	_	_	_	@pvv1934m-words#@pvv1934m#282.298#282.48
314	нет	нет	PART	_	_	_	_	_	@pvv1934m-words#@pvv1934m#282.48#282.662
315	то	то	PRON	_	Animacy=Inan|Case=Nom|Gender=Neut|Number=Sing	_	_	_	@pvv1934m-words#@pvv1934m#282.662#282.844
316	все	все	PRON	_	Animacy=Inan|Case=Nom|Gender=Neut|Number=Sing	_	_	_	@pvv1934m-words#@pvv1934m#282.844#283.026
317	равно	равный	ADJ	_	Degree=Pos|Gender=Neut|Number=Sing|Variant=Short	_	_	_	@pvv1934m-words#@pvv1934m#283.026#283.208
318	так	так	ADV	_	Degree=Pos	_	_	_	@pvv1934m-words#@pvv1934m#283.208#283.39
319	/	/	PUNCT	_	_	_	_	_	@pvv1934m-words#@pvv1934m#283.39#283.572
320	ну	н	PART	_	_	_	_	_	@pvv1934m-words#@pvv1934m#283.572#283.754
321	и	и	PART	_	_	_	_	_	@pvv1934m-words#@pvv1934m#283.754#283.936
322	смотрите	смотреть	VERB	_	Aspect=Imp|Mood=Imp|Number=Plur|Person=2|VerbForm=Fin|Voice=Act	_	_	_	@pvv1934m-words#@pvv1934m#283.936#284.118
323	/	/	PUNCT	_	_	_	_	_	@pvv1934m-words#@pvv1934m#284.118#284.318
324	до	до	ADP	_	_	_	_	_	@pvv1934m-words#@pvv1934m#284.87#285.217
325	этого	это	PRON	_	Animacy=Inan|Case=Gen|Gender=Neut|Number=Sing	_	_	_	@pvv1934m-words#@pvv1934m#285.217#285.564
326	/	/	PUNCT	_	_	_	_	_	@pvv1934m-words#@pvv1934m#285.564#285.911
327	ну	ну	PART	_	_	_	_	_	@pvv1934m-words#@pvv1934m#285.911#286.258
328	/	/	PUNCT	_	_	_	_	_	@pvv1934m-words#@pvv1934m#286.258#286.605
329	почти	почти	ADV	_	Degree=Pos	_	_	_	@pvv1934m-words#@pvv1934m#286.605#286.952
330	у	у	ADP	_	_	_	_	_	@pvv1934m-words#@pvv1934m#286.952#287.299
331	всех	все	PRON	_	Animacy=Anim|Case=Gen|Number=Plur	_	_	_	@pvv1934m-words#@pvv1934m#287.299#287.646
332	/	/	PUNCT	_	_	_	_	_	@pvv1934m-words#@pvv1934m#287.646#287.993
333	не	не	PART	_	_	_	_	_	@pvv1934m-words#@pvv1934m#287.993#288.34
334	у	у	ADP	_	_	_	_	_	@pvv1934m-words#@pvv1934m#288.34#288.687
335	всех	все	PRON	_	Animacy=Anim|Case=Gen|Number=Plur	_	_	_	@pvv1934m-words#@pvv1934m#288.687#289.034
336	/	/	PUNCT	_	_	_	_	_	@pvv1934m-words#@pvv1934m#289.034#289.381
337	но	но	CCONJ	_	_	_	_	_	@pvv1934m-words#@pvv1934m#289.381#289.728
338	почти	почти	ADV	_	Degree=Pos	_	_	_	@pvv1934m-words#@pvv1934m#289.728#290.075
339	у	у	ADP	_	_	_	_	_	@pvv1934m-words#@pvv1934m#290.075#290.422
340	всех	все	PRON	_	Animacy=Anim|Case=Gen|Number=Plur	_	_	_	@pvv1934m-words#@pvv1934m#290.422#290.769
341	/	/	PUNCT	_	_	_	_	_	@pvv1934m-words#@pvv1934m#290.769#291.116
342	аа	аа	INTJ	_	_	_	_	_	@pvv1934m-words#@pvv1934m#291.116#291.463
343	/	/	PUNCT	_	_	_	_	_	@pvv1934m-words#@pvv1934m#291.463#291.81
344	наступает	наступать	VERB	_	Aspect=Imp|Mood=Ind|Number=Sing|Person=3|Tense=Pres|VerbForm=Fin|Voice=Act	_	_	_	@pvv1934m-words#@pvv1934m#291.81#292.157
345	старость	старость	NOUN	_	Animacy=Inan|Case=Nom|Gender=Fem|Number=Sing	_	_	_	@pvv1934m-words#@pvv1934m#292.157#292.504
346	/	/	PUNCT	_	_	_	_	_	@pvv1934m-words#@pvv1934m#292.504#292.859
347	некоторые	некоторый	DET	_	Case=Nom|Number=Plur	_	_	_	@pvv1934m-words#@pvv1934m#292.91#293.22
348	умирают	умирать	VERB	_	Aspect=Imp|Mood=Ind|Number=Plur|Person=3|Tense=Pres|VerbForm=Fin|Voice=Act	_	_	_	@pvv1934m-words#@pvv1934m#293.22#293.53
349	молодыми	молодой	ADJ	_	Case=Ins|Degree=Pos|Number=Plur	_	_	_	@pvv1934m-words#@pvv1934m#293.53#293.84
350	/	/	PUNCT	_	_	_	_	_	@pvv1934m-words#@pvv1934m#293.84#294.15
351	но	но	CCONJ	_	_	_	_	_	@pvv1934m-words#@pvv1934m#294.15#294.46
352	все-таки	все-таки	PART	_	_	_	_	_	@pvv1934m-words#@pvv1934m#294.46#294.77
353	чаще	часто	ADV	_	Degree=Cmp	_	_	_	@pvv1934m-words#@pvv1934m#294.77#295.08
354	старость	старость	NOUN	_	Animacy=Inan|Case=Nom|Gender=Fem|Number=Sing	_	_	_	@pvv1934m-words#@pvv1934m#295.08#295.39
355	/	/	PUNCT	_	_	_	_	_	@pvv1934m-words#@pvv1934m#295.39#295.7
356	/	/	PUNCT	_	_	_	_	_	@pvv1934m-words#@pvv1934m#295.7#296.01
357	вот	вот	PART	_	_	_	_	_	@pvv1934m-words#@pvv1934m#296.01#296.32
358	как	как	ADV	_	Degree=Pos	_	_	_	@pvv1934m-words#@pvv1934m#296.32#296.63
359	вы	вы	PRON	_	Case=Nom|Number=Plur|Person=2	_	_	_	@pvv1934m-words#@pvv1934m#296.63#296.94
360	к	к	ADP	_	_	_	_	_	@pvv1934m-words#@pvv1934m#296.94#297.25
361	старости	староста	NOUN	_	Animacy=Inan|Case=Dat|Gender=Fem|Number=Sing	_	_	_	@pvv1934m-words#@pvv1934m#297.25#297.56
362	относитесь	относиться	VERB	_	Aspect=Imp|Mood=Ind|Number=Plur|Person=2|Tense=Pres|VerbForm=Fin|Voice=Act	_	_	_	@pvv1934m-words#@pvv1934m#297.56#297.87
363	?	?	PUNCT	_	_	_	_	_	@pvv1934m-words#@pvv1934m#297.87#298.18
364	плохо	плохо	ADV	_	Degree=Pos	_	_	_	@pvv1934m-words#@pvv1934m#302.67#302.92
365	?	?	PUNCT	_	_	_	_	_	@pvv1934m-words#@pvv1934m#302.92#303.17
366	добрый	добрый	ADJ	_	Case=Nom|Degree=Pos|Gender=Masc|Number=Sing	_	_	_	@rml1967f-words#@rml1967f#29.06#29.33
367	вечер	вечер	NOUN	_	Animacy=Inan|Case=Nom|Gender=Masc|Number=Sing	_	_	_	@rml1967f-words#@rml1967f#29.33#29.6
368	/	/	PUNCT	_	_	_	_	_	@rml1967f-words#@rml1967f#29.6#29.87
369	здрасьте	здрасьте	INTJ	_	_	_	_	_	@rml1967f-words#@rml1967f#29.87#30.14
370	/	/	PUNCT	_	_	_	_	_	@rml1967f-words#@rml1967f#30.14#30.41
371	ну	ну	PART	_	_	_	_	_	@rml1967f-words#@rml1967f#32.29#32.538
372	да	да	PART	_	_	_	_	_	@rml1967f-words#@rml1967f#32.538#32.786
373	/	/	PUNCT	_	_	_	_	_	@rml1967f-words#@rml1967f#32.786#33.034
374	такая	такой	DET	_	Case=Nom|Gender=Fem|Number=Sing	_	_	_	@rml1967f-words#@rml1967f#33.034#33.282
375	/	/	PUNCT	_	_	_	_	_	@rml1967f-words#@rml1967f#33.282#33.53
376	/	/	PUNCT	_	_	_	_	_	@rml1967f-words#@rml1967f#33.53#33.78
377	одновременно	одновременно	ADV	_	Degree=Pos	_	_	_	@rml1967f-words#@rml1967f#33.78#34.466
378	все	весь	DET	_	Case=Acc|Number=Plur	_	_	_	@rml1967f-words#@rml1967f#34.466#35.152
379	стихии	стихия	NOUN	_	Animacy=Inan|Case=Acc|Gender=Fem|Number=Plur	_	_	_	@rml1967f-words#@rml1967f#35.152#35.84
380	тяжеловато	тяжеловато	ADV	_	Degree=Pos	_	_	_	@rml1967f-words#@rml1967f#35.84#36.43
381	не	не	PART	_	_	_	_	_	@rml1967f-words#@rml1967f#42.81#42.961
382	кстати	кстати	ADV	_	Degree=Pos	_	_	_	@rml1967f-words#@rml1967f#42.961#43.112
383	я	я	PRON	_	Case=Nom|Number=Sing|Person=1	_	_	_	@rml1967f-words#@rml1967f#43.112#43.263
384	не	не	PART	_	_	_	_	_	@rml1967f-words#@rml1967f#43.263#43.414
385	завишу	зависеть	VERB	_	Aspect=Imp|Mood=Ind|Number=Sing|Person=1|Tense=Pres|VerbForm=Fin|Voice=Act	_	_	_	@rml1967f-words#@rml1967f#43.414#43.565
386	от	от	ADP	_	_	_	_	_	@rml1967f-words#@rml1967f#43.565#43.716
387	погоды	погода	NOUN	_	Animacy=Inan|Case=Gen|Gender=Fem|Number=Sing	_	_	_	@rml1967f-words#@rml1967f#43.716#43.867
388	/	/	PUNCT	_	_	_	_	_	@rml1967f-words#@rml1967f#43.867#44.02
389	совсем	совсем	ADV	_	Degree=Pos	_	_	_	@rml1967f-words#@rml1967f#44.96#45.275
390	нет	нет	PART	_	_	_	_	_	@rml1967f-words#@rml1967f#45.275#45.59
391	?	?	PUNCT	_	_	_	_	_	@rml1967f-words#@rml1967f#45.59#45.905
392	ну	ну	PART	_	_	_	_	_	@rml1967f-words#@rml1967f#58.89#59.223
393	да	да	PART	_	_	_	_	_	@rml1967f-words#@rml1967f#59.223#59.556
394	если	если	SCONJ	_	_	_	_	_	@rml1967f-words#@rml1967f#59.556#59.889
395	я	я	PRON	_	Case=Nom|Number=Sing|Person=1	_	_	_	@rml1967f-words#@rml1967f#59.889#60.222
396	себя	себя	PRON	_	Case=Acc	_	_	_	@rml1967f-words#@rml1967f#60.222#60.555
397	за	за	ADP	_	_	_	_	_	@rml1967f-words#@rml1967f#60.555#60.888
398	что-то	что-то	PRON	_	Case=Acc	_	_	_	@rml1967f-words#@rml1967f#60.888#61.221
399	и	и	PART	_	_	_	_	_	@rml1967f-words#@rml1967f#61.221#61.554
400	осуждаю	осуждать	VERB	_	Aspect=Imp|Mood=Ind|Number=Sing|Person=1|Tense=Pres|VerbForm=Fin|Voice=Act	_	_	_	@rml1967f-words#@rml1967f#61.554#61.887
401	то	то	PRON	_	Animacy=Inan|Case=Acc|Gender=Neut|Number=Sing	_	_	_	@rml1967f-words#@rml1967f#61.887#62.22
402	конечно	конечно	ADV	_	Degree=Pos	_	_	_	@rml1967f-words#@rml1967f#62.22#62.553
403	за	за	ADP	_	_	_	_	_	@rml1967f-words#@rml1967f#62.553#62.886
404	эти	этот	DET	_	Case=Acc|Number=Plur	_	_	_	@rml1967f-words#@rml1967f#62.886#63.229
405	интервью	интервью	NOUN	_	Animacy=Inan|Case=Acc|Gender=Neut|Number=Sing	_	_	_	@rml1967f-words#@rml1967f#63.249#64.544
406	но	но	CCONJ	_	_	_	_	_	@rml1967f-words#@rml1967f#64.57#64.844
407	к	к	ADP	_	_	_	_	_	@rml1967f-words#@rml1967f#64.844#65.118
408	вам-то	вы	PRON	_	Case=Loc|Number=Plur|Person=2	_	_	_	@rml1967f-words#@rml1967f#65.118#65.392
409	это	это	PRON	_	Animacy=Inan|Case=Nom|Gender=Neut|Number=Sing	_	_	_	@rml1967f-words#@rml1967f#65.392#65.666
410	же	же	PART	_	_	_	_	_	@rml1967f-words#@rml1967f#65.666#65.94
411	нет	нет	PART	_	_	_	_	_	@rml1967f-words#@rml1967f#69.226#69.459
412	ну	ну	PART	_	_	_	_	_	@rml1967f-words#@rml1967f#69.459#69.692
413	есть	быть	VERB	_	Aspect=Imp|Mood=Ind|Number=Sing|Person=3|Tense=Pres|VerbForm=Fin|Voice=Act	_	_	_	@rml1967f-words#@rml1967f#69.692#69.925
414	всегда	всегда	ADV	_	Degree=Pos	_	_	_	@rml1967f-words#@rml1967f#69.925#70.158
415	какая-то	какой-то	DET	_	Case=Nom|Gender=Fem|Number=Sing	_	_	_	@rml1967f-words#@rml1967f#70.158#70.391
416	мотивация	мотивация	NOUN	_	Animacy=Inan|Case=Nom|Gender=Fem|Number=Sing	_	_	_	@rml1967f-words#@rml1967f#70.391#70.624
417	/	/	PUNCT	_	_	_	_	_	@rml1967f-words#@rml1967f#70.624#70.857
418	все	все	PRON	_	Animacy=Inan|Case=Nom|Gender=Neut|Number=Sing	_	_	_	@rml1967f-words#@rml1967f#70.857#71.09
419	равно	равно	ADV	_	Degree=Pos	_	_	_	@rml1967f-words#@rml1967f#71.09#71.323
420	же	же	PART	_	_	_	_	_	@rml1967f-words#@rml1967f#71.323#71.556
421	/	/	PUNCT	_	_	_	_	_	@rml1967f-words#@rml1967f#71.556#71.789
422	ты	ты	PRON	_	Case=Nom|Number=Sing|Person=2	_	_	_	@rml1967f-words#@rml1967f#71.789#72.022
423	приходишь	приходить	VERB	_	Aspect=Imp|Mood=Ind|Number=Sing|Person=2|Tense=Pres|VerbForm=Fin|Voice=Act	_	_	_	@rml1967f-words#@rml1967f#72.022#72.255
424	там	там	ADV	_	Degree=Pos	_	_	_	@rml1967f-words#@rml1967f#72.255#72.488
425	ради	ради	ADP	_	_	_	_	_	@rml1967f-words#@rml1967f#72.488#72.721
426	какого-то	какой-то	DET	_	Case=Gen|Gender=Neut|Number=Sing	_	_	_	@rml1967f-words#@rml1967f#72.721#72.954
427	дела	дело	NOUN	_	Animacy=Inan|Case=Gen|Gender=Neut|Number=Sing	_	_	_	@rml1967f-words#@rml1967f#72.954#73.198
428	вот	вот	PART	_	_	_	_	_	@rml1967f-words#@rml1967f#73.242#73.546
429	я	я	PRON	_	Case=Nom|Number=Sing|Person=1	_	_	_	@rml1967f-words#@rml1967f#73.546#73.85
430	пришла	прийти	VERB	_	Aspect=Perf|Gender=Fem|Mood=Ind|Number=Sing|Tense=Past|VerbForm=Fin|Voice=Act	_	_	_	@rml1967f-words#@rml1967f#73.85#74.154
431	там	там	ADV	_	Degree=Pos	_	_	_	@rml1967f-words#@rml1967f#74.154#74.461
432	у	у	ADP	_	_	_	_	_	@rml1967f-words#@rml1967f#75.072#75.332
433	меня	я	PRON	_	Case=Gen|Number=Sing|Person=1	_	_	_	@rml1967f-words#@rml1967f#75.332#75.592
434	вышел	выйти	VERB	_	Aspect=Perf|Gender=Masc|Mood=Ind|Number=Sing|Tense=Past|VerbForm=Fin|Voice=Act	_	_	_	@rml1967f-words#@rml1967f#75.592#75.852
435	в	в	ADP	_	_	_	_	_	@rml1967f-words#@rml1967f#75.852#76.112
436	прокат	прокат	NOUN	_	Animacy=Inan|Case=Acc|Gender=Masc|Number=Sing	_	_	_	@rml1967f-words#@rml1967f#76.112#76.372
437	мм	миллиметр	ADJ	_	Animacy=Inan|Case=Acc|Degree=Pos|Gender=Masc|Number=Sing	_	_	_	@rml1967f-words#@rml1967f#76.372#76.632
438	фильм	фильм	NOUN	_	Animacy=Inan|Case=Acc|Gender=Masc|Number=Sing	_	_	_	@rml1967f-words#@rml1967f#76.632#76.892
439	это	это	PRON	_	Animacy=Inan|Case=Acc|Gender=Neut|Number=Sing	_	_	_	@rml1967f-words#@rml1967f#77.35#77.551
440	же	же	PART	_	_	_	_	_	@rml1967f-words#@rml1967f#77.551#77.752
441	вот	вот	PART	_	_	_	_	_	@rml1967f-words#@rml1967f#77.752#77.953
442	все-таки	все-таки	PART	_	_	_	_	_	@rml1967f-words#@rml1967f#77.953#78.155
443	надо	надо	ADV	_	Degree=Pos	_	_	_	@rml1967f-words#@rml1967f#78.91#79.189
444	ему	он	PRON	_	Case=Dat|Gender=Masc|Number=Sing|Person=3	_	_	_	@rml1967f-words#@rml1967f#79.189#79.468
445	помогать	помогать	VERB	_	Aspect=Imp|VerbForm=Inf|Voice=Act	_	_	_	@rml1967f-words#@rml1967f#79.468#79.747
446	как-то	как-то	ADV	_	Degree=Pos	_	_	_	@rml1967f-words#@rml1967f#79.747#80.026
447	в	в	ADP	_	_	_	_	_	@rml1967f-words#@rml1967f#80.026#80.305
448	прокате	прокат	NOUN	_	Animacy=Inan|Case=Loc|Gender=Masc|Number=Sing	_	_	_	@rml1967f-words#@rml1967f#80.305#80.588
449	а	а	CCONJ	_	_	_	_	_	@rml1967f-words#@rml1967f#81.02#81.333
450	так	так	ADV	_	Degree=Pos	_	_	_	@rml1967f-words#@rml1967f#81.333#81.646
451	конечно	конечно	ADV	_	Degree=Pos	_	_	_	@rml1967f-words#@rml1967f#81.646#81.959
452	бессмысленно	бессмысленно	ADV	_	Degree=Pos	_	_	_	@rml1967f-words#@rml1967f#81.959#82.272
453	мотаться	мотать	VERB	_	Aspect=Imp|VerbForm=Inf|Voice=Act	_	_	_	@rml1967f-words#@rml1967f#82.272#82.585
454	я	я	PRON	_	Case=Nom|Number=Sing|Person=1	_	_	_	@rml1967f-words#@rml1967f#82.585#82.898
455	считаю	считать	VERB	_	Aspect=Imp|Mood=Ind|Number=Sing|Person=1|Tense=Pres|VerbForm=Fin|Voice=Act	_	_	_	@rml1967f-words#@rml1967f#82.898#83.211
456	что	что	PRON	_	Case=Acc	_	_	_	@rml1967f-words#@rml1967f#83.211#83.524
457	не	не	PART	_	_	_	_	_	@rml1967f-words#@rml1967f#83.524#83.837
458	стоит	стоять	VERB	_	Aspect=Imp|Mood=Ind|Number=Sing|Person=3|Tense=Pres|VerbForm=Fin|Voice=Act	_	_	_	@rml1967f-words#@rml1967f#83.837#84.156
459	спасибо	спасибо	NOUN	_	Animacy=Inan|Case=Acc|Gender=Neut|Number=Sing	_	_	_	@rml1967f-words#@rml1967f#88.06#88.516
460	вам	вы	PRON	_	Case=Dat|Number=Plur|Person=2	_	_	_	@rml1967f-words#@rml1967f#88.516#88.972
461	большое	большой	ADJ	_	Case=Acc|Degree=Pos|Gender=Neut|Number=Sing	_	_	_	@rml1967f-words#@rml1967f#88.972#89.43
462	поддержали	поддержать	VERB	_	Aspect=Perf|Mood=Ind|Number=Plur|Tense=Past|VerbForm=Fin|Voice=Act	_	_	_	@rml1967f-words#@rml1967f#89.78#90.172
463	нас	мы	PRON	_	Case=Acc|Number=Plur|Person=1	_	_	_	@rml1967f-words#@rml1967f#90.172#90.564
464	/	/	PUNCT	_	_	_	_	_	@rml1967f-words#@rml1967f#90.564#90.956
465	рублем	рубль	NOUN	_	Animacy=Inan|Case=Ins|Gender=Masc|Number=Sing	_	_	_	@rml1967f-words#@rml1967f#90.956#91.348
466	что	что	PRON	_	Case=Nom	_	_	_	@rml1967f-words#@rml1967f#91.348#91.74
467	называется	называться	VERB	_	Aspect=Imp|Mood=Ind|Number=Sing|Person=3|Tense=Pres|VerbForm=Fin|Voice=Act	_	_	_	@rml1967f-words#@rml1967f#91.74#92.132
468	/	/	PUNCT	_	_	_	_	_	@rml1967f-words#@rml1967f#92.132#92.528
469	ну	ну	PART	_	_	_	_	_	@rml1967f-words#@rml1967f#103.68#103.804
470	и	и	CCONJ	_	_	_	_	_	@rml1967f-words#@rml1967f#103.804#103.928
471	еще	еще	ADV	_	Degree=Pos	_	_	_	@rml1967f-words#@rml1967f#103.928#104.052
472	у	у	ADP	_	_	_	_	_	@rml1967f-words#@rml1967f#104.052#104.176
473	меня	я	PRON	_	Case=Gen|Number=Sing|Person=1	_	_	_	@rml1967f-words#@rml1967f#104.176#104.3
474	был	быть	VERB	_	Aspect=Imp|Gender=Masc|Mood=Ind|Number=Sing|Tense=Past|VerbForm=Fin|Voice=Act	_	_	_	@rml1967f-words#@rml1967f#104.3#104.424
475	соратник	соратник	NOUN	_	Animacy=Anim|Case=Nom|Gender=Masc|Number=Sing	_	_	_	@rml1967f-words#@rml1967f#104.424#104.548
476	Земфира	Земфир	PROPN	_	Animacy=Anim|Case=Gen|Gender=Masc|Number=Sing	_	_	_	@rml1967f-words#@rml1967f#104.548#104.672
477	/	/	PUNCT	_	_	_	_	_	@rml1967f-words#@rml1967f#104.672#104.796
478	она	она	PRON	_	Case=Nom|Gender=Fem|Number=Sing|Person=3	_	_	_	@rml1967f-words#@rml1967f#104.796#104.92
479	тоже	тоже	PART	_	_	_	_	_	@rml1967f-words#@rml1967f#104.92#105.044
480	со	с	ADP	_	_	_	_	_	@rml1967f-words#@rml1967f#105.044#105.168
481	мной	я	PRON	_	Case=Ins|Number=Sing|Person=1	_	_	_	@rml1967f-words#@rml1967f#105.168#105.292
482	разделила	разделить	VERB	_	Aspect=Perf|Gender=Fem|Mood=Ind|Number=Sing|Tense=Past|VerbForm=Fin|Voice=Act	_	_	_	@rml1967f-words#@rml1967f#105.292#105.416
483	все	все	PRON	_	Animacy=Inan|Case=Acc|Gender=Neut|Number=Sing	_	_	_	@rml1967f-words#@rml1967f#105.416#105.54
484	/	/	PUNCT	_	_	_	_	_	@rml1967f-words#@rml1967f#105.54#105.664
485	все	весь	DET	_	Case=Acc|Number=Plur	_	_	_	@rml1967f-words#@rml1967f#105.664#105.788
486	трудности	трудность	NOUN	_	Animacy=Inan|Case=Acc|Gender=Fem|Number=Plur	_	_	_	@rml1967f-words#@rml1967f#105.788#105.912
487	я	я	PRON	_	Case=Nom|Number=Sing|Person=1	_	_	_	@rml1967f-words#@rml1967f#105.912#106.036
488	отвечала	отвечать	VERB	_	Aspect=Perf|Gender=Fem|Mood=Ind|Number=Sing|Tense=Past|VerbForm=Fin|Voice=Act	_	_	_	@rml1967f-words#@rml1967f#106.036#106.16
489	за	за	ADP	_	_	_	_	_	@rml1967f-words#@rml1967f#106.16#106.284
490	все	весь	PRON	_	Animacy=Inan|Case=Acc|Gender=Neut|Number=Sing	_	_	_	@rml1967f-words#@rml1967f#106.284#106.408
491	что	что	SCONJ	_	_	_	_	_	@rml1967f-words#@rml1967f#106.408#106.532
492	видно	видно	ADV	_	Degree=Pos	_	_	_	@rml1967f-words#@rml1967f#106.532#106.656
493	/	/	PUNCT	_	_	_	_	_	@rml1967f-words#@rml1967f#106.656#106.78
494	а	а	CCONJ	_	_	_	_	_	@rml1967f-words#@rml1967f#106.78#106.904
495	она	она	PRON	_	Case=Nom|Gender=Fem|Number=Sing|Person=3	_	_	_	@rml1967f-words#@rml1967f#106.904#107.028
496	за	за	ADP	_	_	_	_	_	@rml1967f-words#@rml1967f#107.028#107.152
497	все	все	PRON	_	Animacy=Inan|Case=Acc|Gender=Neut|Number=Sing	_	_	_	@rml1967f-words#@rml1967f#107.152#107.276
498	что	что	PRON	_	Case=Nom	_	_	_	@rml1967f-words#@rml1967f#107.276#107.4
499	слышно	слышно	ADJ	_	Degree=Pos|Gender=Neut|Number=Sing|Variant=Short	_	_	_	@rml1967f-words#@rml1967f#107.4#107.524
500	/	/	PUNCT	_	_	_	_	_	@rml1967f-words#@rml1967f#107.524#107.648
501	/	/	PUNCT	_	_	_	_	_	@rml1967f-words#@rml1967f#107.648#107.772
502	ага	ага	NOUN	_	Animacy=Inan|Case=Gen|Gender=Masc|Number=Sing	_	_	_	@rml1967f-words#@rml1967f#107.896#108.02
503	/	/	PUNCT	_	_	_	_	_	@rml1967f-words#@rml1967f#108.02#108.144
504	ну	ну	PART	_	_	_	_	_	@rml1967f-words#@rml1967f#108.144#108.268
505	правильно	правильно	ADV	_	Degree=Pos	_	_	_	@rml1967f-words#@rml1967f#108.268#108.392
506	/	/	PUNCT	_	_	_	_	_	@rml1967f-words#@rml1967f#108.392#108.516
507	/	/	PUNCT	_	_	_	_	_	@rml1967f-words#@rml1967f#108.516#108.64
508	так	так	ADV	_	Degree=Pos	_	_	_	@rml1967f-words#@rml1967f#108.64#108.764
509	вот	вот	PART	_	_	_	_	_	@rml1967f-words#@rml1967f#108.764#108.888
510	у	у	ADP	_	_	_	_	_	@rml1967f-words#@rml1967f#108.888#109.012
511	меня	я	PRON	_	Case=Gen|Number=Sing|Person=1	_	_	_	@rml1967f-words#@rml1967f#109.012#109.136
512	такой	такой	DET	_	Case=Nom|Gender=Masc|Number=Sing	_	_	_	@rml1967f-words#@rml1967f#109.136#109.26
513	вопрос	вопрос	NOUN	_	Animacy=Inan|Case=Nom|Gender=Masc|Number=Sing	_	_	_	@rml1967f-words#@rml1967f#109.26#109.384
514	/	/	PUNCT	_	_	_	_	_	@rml1967f-words#@rml1967f#109.384#109.508
515	значит	значить	VERB	_	Aspect=Imp|Mood=Ind|Number=Sing|Person=3|Tense=Pres|VerbForm=Fin|Voice=Act	_	_	_	@rml1967f-words#@rml1967f#109.508#109.632
516	вы	вы	PRON	_	Case=Nom|Number=Plur|Person=2	_	_	_	@rml1967f-words#@rml1967f#109.632#109.756
517	в	в	ADP	_	_	_	_	_	@rml1967f-words#@rml1967f#109.756#109.88
518	этом	этот	DET	_	Case=Loc|Gender=Masc|Number=Sing	_	_	_	@rml1967f-words#@rml1967f#109.88#110.004
519	фильме	фильм	NOUN	_	Animacy=Inan|Case=Loc|Gender=Masc|Number=Sing	_	_	_	@rml1967f-words#@rml1967f#110.004#110.128
520	играете	играть	VERB	_	Aspect=Imp|Mood=Ind|Number=Plur|Person=2|Tense=Pres|VerbForm=Fin|Voice=Act	_	_	_	@rml1967f-words#@rml1967f#110.128#110.252
521	медсестру	медсестра	NOUN	_	Animacy=Anim|Case=Acc|Gender=Fem|Number=Sing	_	_	_	@rml1967f-words#@rml1967f#110.252#110.376
522	/	/	PUNCT	_	_	_	_	_	@rml1967f-words#@rml1967f#110.376#110.5
523	/	/	PUNCT	_	_	_	_	_	@rml1967f-words#@rml1967f#110.5#110.624
524	#одновременно#	X	_	_	_	_	_	_	@rml1967f-words#@rml1967f#110.624#110.748
525	которая	который	PRON	_	Case=Nom	_	_	_	@rml1967f-words#@rml1967f#110.748#110.872
526	/	/	PUNCT	_	_	_	_	_	@rml1967f-words#@rml1967f#110.872#110.996
527	ну	ну	PART	_	_	_	_	_	@rml1967f-words#@rml1967f#110.996#111.12
528	медработник	медработник	NOUN	_	Animacy=Anim|Case=Nom|Gender=Masc|Number=Sing	_	_	_	@rml1967f-words#@rml1967f#111.12#111.244
529	да	да	CCONJ	_	_	_	_	_	@rml1967f-words#@rml1967f#111.244#111.385
530	ну	ну	PART	_	_	_	_	_	@rml1967f-words#@rml1967f#118.742#119.539
531	/	/	PUNCT	_	_	_	_	_	@rml1967f-words#@rml1967f#119.539#120.336
532	медработник	медработник	NOUN	_	Animacy=Anim|Case=Nom|Gender=Masc|Number=Sing	_	_	_	@rml1967f-words#@rml1967f#120.336#121.133
533	ну	ну	PART	_	_	_	_	_	@rml1967f-words#@rml1967f#124.89#125.213
534	она	она	PRON	_	Case=Nom|Gender=Fem|Number=Sing|Person=3	_	_	_	@rml1967f-words#@rml1967f#125.213#125.536
535	сначала	сначала	ADV	_	Degree=Pos	_	_	_	@rml1967f-words#@rml1967f#125.536#125.859
536	у	у	ADP	_	_	_	_	_	@rml1967f-words#@rml1967f#125.859#126.182
537	меня	я	PRON	_	Case=Gen|Number=Sing|Person=1	_	_	_	@rml1967f-words#@rml1967f#126.182#126.505
538	такая	такой	DET	_	Case=Nom|Gender=Fem|Number=Sing	_	_	_	@rml1967f-words#@rml1967f#126.505#126.828
539	была	быть	AUX	_	Aspect=Imp|Gender=Fem|Mood=Ind|Number=Sing|Tense=Past|VerbForm=Fin|Voice=Act	_	_	_	@rml1967f-words#@rml1967f#126.828#127.151
540	охотница	охотница	NOUN	_	Animacy=Inan|Case=Nom|Gender=Fem|Number=Sing	_	_	_	@rml1967f-words#@rml1967f#127.151#127.474
541	за	за	ADP	_	_	_	_	_	@rml1967f-words#@rml1967f#127.474#127.801
542	все	все	PRON	_	Animacy=Inan|Case=Nom|Gender=Neut|Number=Sing	_	_	_	@rml1967f-words#@rml1967f#127.94#128.391
543	равно	равно	ADV	_	Degree=Pos	_	_	_	@rml1967f-words#@rml1967f#128.391#128.842
544	такое	такой	DET	_	Case=Nom|Gender=Neut|Number=Sing	_	_	_	@rml1967f-words#@rml1967f#128.842#129.293
545	внеземное	внеземной	ADJ	_	Case=Nom|Degree=Pos|Gender=Neut|Number=Sing	_	_	_	@rml1967f-words#@rml1967f#129.293#129.744
546	/	/	PUNCT	_	_	_	_	_	@rml1967f-words#@rml1967f#129.744#130.195
547	существо	существо	NOUN	_	Animacy=Anim|Case=Nom|Gender=Neut|Number=Sing	_	_	_	@rml1967f-words#@rml1967f#130.195#130.646
548	/	/	PUNCT	_	_	_	_	_	@rml1967f-words#@rml1967f#130.646#131.097
549	и	и	CCONJ	_	_	_	_	_	@rml1967f-words#@rml1967f#131.097#131.548
550	если	если	SCONJ	_	_	_	_	_	@rml1967f-words#@rml1967f#131.548#131.999
551	обратиться	обратиться	VERB	_	Aspect=Perf|VerbForm=Inf|Voice=Act	_	_	_	@rml1967f-words#@rml1967f#131.999#132.45
552	к	к	ADP	_	_	_	_	_	@rml1967f-words#@rml1967f#132.45#132.901
553	каким-то	какой-то	DET	_	Case=Dat|Number=Plur	_	_	_	@rml1967f-words#@rml1967f#132.901#133.352
554	древним	древний	ADJ	_	Case=Dat|Degree=Pos|Number=Plur	_	_	_	@rml1967f-words#@rml1967f#133.352#133.815
555	мифам	миф	NOUN	_	Animacy=Inan|Case=Dat|Gender=Masc|Number=Plur	_	_	_	@rml1967f-words#@rml1967f#133.937#134.315
556	/	/	PUNCT	_	_	_	_	_	@rml1967f-words#@rml1967f#134.315#134.693
557	той	тот	DET	_	Case=Dat|Gender=Fem|Number=Sing	_	_	_	@rml1967f-words#@rml1967f#134.693#135.071
558	же	же	PART	_	_	_	_	_	@rml1967f-words#@rml1967f#135.071#135.449
559	Греции	Греция	PROPN	_	Animacy=Inan|Case=Dat|Gender=Fem|Number=Sing	_	_	_	@rml1967f-words#@rml1967f#135.449#135.827
560	/	/	PUNCT	_	_	_	_	_	@rml1967f-words#@rml1967f#135.827#136.205
561	и	и	CCONJ	_	_	_	_	_	@rml1967f-words#@rml1967f#136.205#136.583
562	ведь	ведь	PART	_	_	_	_	_	@rml1967f-words#@rml1967f#136.583#136.961
563	/	/	PUNCT	_	_	_	_	_	@rml1967f-words#@rml1967f#136.961#137.339
564	они	они	PRON	_	Case=Nom|Number=Plur|Person=3	_	_	_	@rml1967f-words#@rml1967f#137.339#137.717
565	же	же	PART	_	_	_	_	_	@rml1967f-words#@rml1967f#137.717#138.095
566	страстно	страстно	ADV	_	Degree=Pos	_	_	_	@rml1967f-words#@rml1967f#138.095#138.473
567	верили	верить	VERB	_	Aspect=Imp|Mood=Ind|Number=Plur|Tense=Past|VerbForm=Fin|Voice=Act	_	_	_	@rml1967f-words#@rml1967f#138.473#138.851
568	/	/	PUNCT	_	_	_	_	_	@rml1967f-words#@rml1967f#138.851#139.229
569	что	что	SCONJ	_	_	_	_	_	@rml1967f-words#@rml1967f#139.229#139.607
570	эти	этот	DET	_	Case=Nom|Number=Plur	_	_	_	@rml1967f-words#@rml1967f#139.607#139.985
571	боги	бог	NOUN	_	Animacy=Anim|Case=Nom|Gender=Masc|Number=Plur	_	_	_	@rml1967f-words#@rml1967f#139.985#140.363
572	существуют	существовать	VERB	_	Aspect=Imp|Mood=Ind|Number=Plur|Person=3|Tense=Pres|VerbForm=Fin|Voice=Act	_	_	_	@rml1967f-words#@rml1967f#140.363#140.741
573	/	/	PUNCT	_	_	_	_	_	@rml1967f-words#@rml1967f#140.741#141.119
574	а	а	CCONJ	_	_	_	_	_	@rml1967f-words#@rml1967f#141.119#141.497
575	мне	я	PRON	_	Case=Dat|Number=Sing|Person=1	_	_	_	@rml1967f-words#@rml1967f#141.497#141.875
576	кажется	казаться	VERB	_	Aspect=Imp|Mood=Ind|Number=Sing|Person=3|Tense=Pres|VerbForm=Fin|Voice=Act	_	_	_	@rml1967f-words#@rml1967f#141.875#142.253
577	существуют	существовать	VERB	_	Aspect=Imp|Mood=Ind|Number=Plur|Person=3|Tense=Pres|VerbForm=Fin|Voice=Act	_	_	_	@rml1967f-words#@rml1967f#142.253#142.631
578	/	/	PUNCT	_	_	_	_	_	@rml1967f-words#@rml1967f#142.631#143.009
579	все-таки	все-таки	PART	_	_	_	_	_	@rml1967f-words#@rml1967f#143.009#143.387
580	какие-то	какой-то	DET	_	Case=Nom|Number=Plur	_	_	_	@rml1967f-words#@rml1967f#143.387#143.767
581	ну	ну	PART	_	_	_	_	_	@rml1967f-words#@rml1967f#144.99#145.37
582	какие-то	какой-то	DET	_	Case=Nom|Number=Plur	_	_	_	@rml1967f-words#@rml1967f#145.37#145.75
583	силы	сила	NOUN	_	Animacy=Inan|Case=Nom|Gender=Fem|Number=Plur	_	_	_	@rml1967f-words#@rml1967f#145.75#146.13
584	которые	который	PRON	_	Case=Acc	_	_	_	@rml1967f-words#@rml1967f#146.13#146.51
585	досматривают	досматривать	VERB	_	Aspect=Imp|Mood=Ind|Number=Plur|Person=3|Tense=Pres|VerbForm=Fin|Voice=Act	_	_	_	@rml1967f-words#@rml1967f#146.51#146.89
586	/	/	PUNCT	_	_	_	_	_	@rml1967f-words#@rml1967f#146.89#147.27
587	и	и	CCONJ	_	_	_	_	_	@rml1967f-words#@rml1967f#147.27#147.65
588	это	это	PRON	_	Animacy=Inan|Case=Nom|Gender=Neut|Number=Sing	_	_	_	@rml1967f-words#@rml1967f#147.65#148.03
589	же	же	PART	_	_	_	_	_	@rml1967f-words#@rml1967f#148.03#148.41
590	неслучайно	неслучайно	ADV	_	Degree=Pos	_	_	_	@rml1967f-words#@rml1967f#148.41#148.79
591	такие	такой	DET	_	Case=Nom|Number=Plur	_	_	_	@rml1967f-words#@rml1967f#148.79#149.17
592	древние	древний	ADJ	_	Case=Nom|Degree=Pos|Number=Plur	_	_	_	@rml1967f-words#@rml1967f#149.17#149.55
593	/	/	PUNCT	_	_	_	_	_	@rml1967f-words#@rml1967f#149.55#149.93
594	учения	учение	NOUN	_	Animacy=Inan|Case=Nom|Gender=Neut|Number=Plur	_	_	_	@rml1967f-words#@rml1967f#149.93#150.31
595	о	о	ADP	_	_	_	_	_	@rml1967f-words#@rml1967f#150.31#150.69
596	том	то	PRON	_	Animacy=Inan|Case=Loc|Gender=Neut|Number=Sing	_	_	_	@rml1967f-words#@rml1967f#150.69#151.07
597	что	что	PRON	_	Case=Acc	_	_	_	@rml1967f-words#@rml1967f#151.07#151.45
598	/	/	PUNCT	_	_	_	_	_	@rml1967f-words#@rml1967f#151.45#151.83
599	все-таки	все-таки	PART	_	_	_	_	_	@rml1967f-words#@rml1967f#151.83#152.21
600	душу	душа	NOUN	_	Animacy=Inan|Case=Acc|Gender=Fem|Number=Sing	_	_	_	@rml1967f-words#@rml1967f#152.21#152.59
601	кто-то	кто-то	PRON	_	Case=Nom	_	_	_	@rml1967f-words#@rml1967f#152.59#152.97
602	сопровождает	сопровождать	VERB	_	Aspect=Imp|Mood=Ind|Number=Sing|Person=3|Tense=Pres|VerbForm=Fin|Voice=Act	_	_	_	@rml1967f-words#@rml1967f#152.97#153.35
603	есть	быть	AUX	_	Aspect=Imp|Mood=Ind|Number=Sing|Person=3|Tense=Pres|VerbForm=Fin|Voice=Act	_	_	_	@rml1967f-words#@rml1967f#153.35#153.73
604	же	же	PART	_	_	_	_	_	@rml1967f-words#@rml1967f#153.73#154.11
605	масса	масса	NOUN	_	Animacy=Inan|Case=Nom|Gender=Fem|Number=Sing	_	_	_	@rml1967f-words#@rml1967f#154.11#154.49
606	каких-то	какой-то	DET	_	Case=Gen|Number=Plur	_	_	_	@rml1967f-words#@rml1967f#154.49#154.87
607	примет	принять	NOUN	_	Animacy=Inan|Case=Gen|Gender=Fem|Number=Plur	_	_	_	@rml1967f-words#@rml1967f#154.87#155.25
608	/	/	PUNCT	_	_	_	_	_	@rml1967f-words#@rml1967f#155.25#155.63
609	если	если	SCONJ	_	_	_	_	_	@rml1967f-words#@rml1967f#155.63#156.01
610	/	/	PUNCT	_	_	_	_	_	@rml1967f-words#@rml1967f#156.01#156.39
611	там	там	ADV	_	Degree=Pos	_	_	_	@rml1967f-words#@rml1967f#156.39#156.77
612	перед	перед	ADP	_	_	_	_	_	@rml1967f-words#@rml1967f#156.77#157.15
613	смертью	смерть	NOUN	_	Animacy=Inan|Case=Ins|Gender=Fem|Number=Sing	_	_	_	@rml1967f-words#@rml1967f#157.15#157.53
614	тебе	ты	PRON	_	Case=Dat|Number=Sing|Person=2	_	_	_	@rml1967f-words#@rml1967f#157.53#157.91
615	кто-то	кто-то	PRON	_	Case=Nom	_	_	_	@rml1967f-words#@rml1967f#157.91#158.29
616	снится	сниться	VERB	_	Aspect=Perf|Mood=Ind|Number=Sing|Person=3|Tense=Fut|VerbForm=Fin|Voice=Act	_	_	_	@rml1967f-words#@rml1967f#158.29#158.67
617	и	и	PART	_	_	_	_	_	@rml1967f-words#@rml1967f#158.67#159.05
618	у	у	ADP	_	_	_	_	_	@rml1967f-words#@rml1967f#159.05#159.43
619	каждого	каждый	DET	_	Case=Gen|Gender=Masc|Number=Sing	_	_	_	@rml1967f-words#@rml1967f#159.43#159.81
620	народа	народ	NOUN	_	Animacy=Inan|Case=Gen|Gender=Masc|Number=Sing	_	_	_	@rml1967f-words#@rml1967f#159.81#160.19
621	какая-то	какой-то	DET	_	Case=Nom|Gender=Fem|Number=Sing	_	_	_	@rml1967f-words#@rml1967f#160.19#160.57
622	своя	свой	DET	_	Case=Nom|Gender=Fem|Number=Sing	_	_	_	@rml1967f-words#@rml1967f#160.57#160.95
623	смерть	смерть	NOUN	_	Animacy=Inan|Case=Nom|Gender=Fem|Number=Sing	_	_	_	@rml1967f-words#@rml1967f#160.95#161.363
624	а	а	CCONJ	_	_	_	_	_	@rml1967f-words#@rml1967f#161.55#161.864
625	у	у	ADP	_	_	_	_	_	@rml1967f-words#@rml1967f#161.864#162.178
626	Феллини	Феллини	PROPN	_	Animacy=Anim|Case=Gen|Gender=Masc|Number=Sing	_	_	_	@rml1967f-words#@rml1967f#162.178#162.492
627	была	быть	AUX	_	Aspect=Imp|Gender=Fem|Mood=Ind|Number=Sing|Tense=Past|VerbForm=Fin|Voice=Act	_	_	_	@rml1967f-words#@rml1967f#162.492#162.806
628	/	/	PUNCT	_	_	_	_	_	@rml1967f-words#@rml1967f#162.806#163.12
629	там	там	ADV	_	Degree=Pos	_	_	_	@rml1967f-words#@rml1967f#163.12#163.434
630	он	он	PRON	_	Case=Nom|Gender=Masc|Number=Sing|Person=3	_	_	_	@rml1967f-words#@rml1967f#163.434#163.748
631	себе	себя	PRON	_	Case=Dat	_	_	_	@rml1967f-words#@rml1967f#163.748#164.062
632	представлял	представлять	VERB	_	Aspect=Imp|Gender=Masc|Mood=Ind|Number=Sing|Tense=Past|VerbForm=Fin|Voice=Act	_	_	_	@rml1967f-words#@rml1967f#164.062#164.376
633	женщину	женщина	NOUN	_	Animacy=Anim|Case=Acc|Gender=Fem|Number=Sing	_	_	_	@rml1967f-words#@rml1967f#164.376#164.69
634	в	в	ADP	_	_	_	_	_	@rml1967f-words#@rml1967f#164.69#165.004
635	красной	красный	ADJ	_	Case=Loc|Degree=Pos|Gender=Fem|Number=Sing	_	_	_	@rml1967f-words#@rml1967f#165.004#165.318
636	комбинации	комбинация	NOUN	_	Animacy=Inan|Case=Loc|Gender=Fem|Number=Sing	_	_	_	@rml1967f-words#@rml1967f#165.318#165.632
637	/	/	PUNCT	_	_	_	_	_	@rml1967f-words#@rml1967f#165.632#165.946
638	то	то	PRON	_	Animacy=Inan|Case=Nom|Gender=Neut|Number=Sing	_	_	_	@rml1967f-words#@rml1967f#165.946#166.26
639	есть	быть	VERB	_	Aspect=Imp|Mood=Ind|Number=Sing|Person=3|Tense=Pres|VerbForm=Fin|Voice=Act	_	_	_	@rml1967f-words#@rml1967f#166.26#166.574
640	каждый	каждый	DET	_	Case=Nom|Gender=Masc|Number=Sing	_	_	_	@rml1967f-words#@rml1967f#166.574#166.888
641	может	мочь	VERB	_	Aspect=Imp|Mood=Ind|Number=Sing|Person=3|Tense=Pres|VerbForm=Fin|Voice=Act	_	_	_	@rml1967f-words#@rml1967f#166.888#167.202
642	себе	себя	PRON	_	Case=Dat	_	_	_	@rml1967f-words#@rml1967f#167.202#167.516
643	навоображать	навоображать	VERB	_	Aspect=Imp|VerbForm=Inf|Voice=Act	_	_	_	@rml1967f-words#@rml1967f#167.516#167.83
644	/	/	PUNCT	_	_	_	_	_	@rml1967f-words#@rml1967f#167.83#168.144
645	и	и	CCONJ	_	_	_	_	_	@rml1967f-words#@rml1967f#168.144#168.458
646	это	это	PRON	_	Animacy=Inan|Case=Nom|Gender=Neut|Number=Sing	_	_	_	@rml1967f-words#@rml1967f#168.458#168.772
647	кстати	кстати	ADV	_	Degree=Pos	_	_	_	@rml1967f-words#@rml1967f#168.772#169.086
648	сбудется	сбыться	VERB	_	Aspect=Perf|Mood=Ind|Number=Sing|Person=3|Tense=Fut|VerbForm=Fin|Voice=Act	_	_	_	@rml1967f-words#@rml1967f#169.086#169.412
649	ну	ну	PART	_	_	_	_	_	@rml1967f-words#@rml1967f#173.678#173.955
650	а	а	CCONJ	_	_	_	_	_	@rml1967f-words#@rml1967f#173.955#174.232
651	как	как	ADV	_	Degree=Pos	_	_	_	@rml1967f-words#@rml1967f#174.232#174.509
652	она	она	PRON	_	Case=Nom|Gender=Fem|Number=Sing|Person=3	_	_	_	@rml1967f-words#@rml1967f#174.509#174.786
653	может	мочь	VERB	_	Aspect=Imp|Mood=Ind|Number=Sing|Person=3|Tense=Pres|VerbForm=Fin|Voice=Act	_	_	_	@rml1967f-words#@rml1967f#174.786#175.063
654	не	не	PART	_	_	_	_	_	@rml1967f-words#@rml1967f#175.063#175.34
655	занимать	занимать	VERB	_	Aspect=Imp|VerbForm=Inf|Voice=Act	_	_	_	@rml1967f-words#@rml1967f#175.34#175.617
656	?	?	PUNCT	_	_	_	_	_	@rml1967f-words#@rml1967f#175.617#175.894
657	/	/	PUNCT	_	_	_	_	_	@rml1967f-words#@rml1967f#175.894#176.171
658	она	она	PRON	_	Case=Nom|Gender=Fem|Number=Sing|Person=3	_	_	_	@rml1967f-words#@rml1967f#176.171#176.448
659	же	же	PART	_	_	_	_	_	@rml1967f-words#@rml1967f#176.448#176.725
660	/	/	PUNCT	_	_	_	_	_	@rml1967f-words#@rml1967f#176.725#177.002
661	она	она	PRON	_	Case=Nom|Gender=Fem|Number=Sing|Person=3	_	_	_	@rml1967f-words#@rml1967f#177.002#177.279
662	же	же	PART	_	_	_	_	_	@rml1967f-words#@rml1967f#177.279#177.556
663	приходит	приходить	VERB	_	Aspect=Imp|Mood=Ind|Number=Sing|Person=3|Tense=Pres|VerbForm=Fin|Voice=Act	_	_	_	@rml1967f-words#@rml1967f#177.556#177.833
664	к	к	ADP	_	_	_	_	_	@rml1967f-words#@rml1967f#177.833#178.11
665	каждому	каждый	DET	_	Case=Dat|Gender=Masc|Number=Sing	_	_	_	@rml1967f-words#@rml1967f#178.11#178.387
666	человеку	человек	NOUN	_	Animacy=Anim|Case=Dat|Gender=Masc|Number=Sing	_	_	_	@rml1967f-words#@rml1967f#178.387#178.673
667	я	я	PRON	_	Case=Nom|Number=Sing|Person=1	_	_	_	@rml1967f-words#@rml1967f#179.01#179.292
668	все	весь	DET	_	Case=Acc|Gender=Neut|Number=Sing	_	_	_	@rml1967f-words#@rml1967f#179.292#179.574
669	время	время	NOUN	_	Animacy=Inan|Case=Acc|Gender=Neut|Number=Sing	_	_	_	@rml1967f-words#@rml1967f#179.574#179.856
670	говорю	говорить	VERB	_	Aspect=Imp|Mood=Ind|Number=Sing|Person=1|Tense=Pres|VerbForm=Fin|Voice=Act	_	_	_	@rml1967f-words#@rml1967f#179.856#180.138
671	все	весь	DET	_	Case=Nom|Number=Plur	_	_	_	@rml1967f-words#@rml1967f#180.138#180.42
672	мы	мы	PRON	_	Case=Nom|Number=Plur|Person=1	_	_	_	@rml1967f-words#@rml1967f#180.42#180.702
673	будущие	будущий	ADJ	_	Case=Nom|Degree=Pos|Number=Plur	_	_	_	@rml1967f-words#@rml1967f#180.702#180.984
674	мертвые	мертвый	ADJ	_	Case=Nom|Degree=Pos|Number=Plur	_	_	_	@rml1967f-words#@rml1967f#180.984#181.266
675	/	/	PUNCT	_	_	_	_	_	@rml1967f-words#@rml1967f#181.266#181.548
676	/	/	PUNCT	_	_	_	_	_	@rml1967f-words#@rml1967f#181.548#181.83
677	и	и	CCONJ	_	_	_	_	_	@rml1967f-words#@rml1967f#181.83#182.112
678	в	в	ADP	_	_	_	_	_	@rml1967f-words#@rml1967f#182.112#182.394
679	данном	данный	ADJ	_	Case=Loc|Degree=Pos|Gender=Masc|Number=Sing	_	_	_	@rml1967f-words#@rml1967f#182.394#182.676
680	случае	случай	NOUN	_	Animacy=Inan|Case=Loc|Gender=Masc|Number=Sing	_	_	_	@rml1967f-words#@rml1967f#182.676#182.958
681	я	я	PRON	_	Case=Nom|Number=Sing|Person=1	_	_	_	@rml1967f-words#@rml1967f#182.958#183.24
682	как-то	как-то	ADV	_	Degree=Pos	_	_	_	@rml1967f-words#@rml1967f#183.24#183.522
683	не	не	PART	_	_	_	_	_	@rml1967f-words#@rml1967f#183.522#183.804
684	разделаю	разделать	VERB	_	Aspect=Imp|Mood=Ind|Number=Sing|Person=1|Tense=Pres|VerbForm=Fin|Voice=Act	_	_	_	@rml1967f-words#@rml1967f#183.804#184.086
685	/	/	PUNCT	_	_	_	_	_	@rml1967f-words#@rml1967f#184.086#184.368
686	там	там	ADV	_	Degree=Pos	_	_	_	@rml1967f-words#@rml1967f#184.368#184.65
687	/	/	PUNCT	_	_	_	_	_	@rml1967f-words#@rml1967f#184.65#184.932
688	тема	тема	NOUN	_	Animacy=Inan|Case=Nom|Gender=Fem|Number=Sing	_	_	_	@rml1967f-words#@rml1967f#184.932#185.214
689	смерти	смерть	NOUN	_	Animacy=Inan|Case=Gen|Gender=Fem|Number=Sing	_	_	_	@rml1967f-words#@rml1967f#185.214#185.496
690	/	/	PUNCT	_	_	_	_	_	@rml1967f-words#@rml1967f#185.496#185.778
691	тема	тема	NOUN	_	Animacy=Inan|Case=Nom|Gender=Fem|Number=Sing	_	_	_	@rml1967f-words#@rml1967f#185.778#186.06
692	жизни	жизнь	NOUN	_	Animacy=Inan|Case=Gen|Gender=Fem|Number=Sing	_	_	_	@rml1967f-words#@rml1967f#186.06#186.342
693	/	/	PUNCT	_	_	_	_	_	@rml1967f-words#@rml1967f#186.342#186.624
694	это	это	PRON	_	Animacy=Inan|Case=Nom|Gender=Neut|Number=Sing	_	_	_	@rml1967f-words#@rml1967f#186.624#186.906
695	же	же	PART	_	_	_	_	_	@rml1967f-words#@rml1967f#186.906#187.188
696	все	все	PRON	_	Animacy=Inan|Case=Nom|Gender=Neut|Number=Sing	_	_	_	@rml1967f-words#@rml1967f#187.188#187.47
697	очень	очень	ADV	_	Degree=Pos	_	_	_	@rml1967f-words#@rml1967f#187.47#187.752
698	близко	близко	ADV	_	Degree=Pos	_	_	_	@rml1967f-words#@rml1967f#187.752#188.034
699	/	/	PUNCT	_	_	_	_	_	@rml1967f-words#@rml1967f#188.034#188.316
700	это	это	PRON	_	Animacy=Inan|Case=Nom|Gender=Neut|Number=Sing	_	_	_	@rml1967f-words#@rml1967f#188.316#188.598
701	же	же	PART	_	_	_	_	_	@rml1967f-words#@rml1967f#188.598#188.88
702	/	/	PUNCT	_	_	_	_	_	@rml1967f-words#@rml1967f#188.88#189.162
703	как	как	SCONJ	_	_	_	_	_	@rml1967f-words#@rml1967f#189.162#189.444
704	сказать	сказать	VERB	_	Aspect=Perf|VerbForm=Inf|Voice=Act	_	_	_	@rml1967f-words#@rml1967f#189.444#189.726
705	/	/	PUNCT	_	_	_	_	_	@rml1967f-words#@rml1967f#189.726#190.008
706	мы	мы	PRON	_	Case=Nom|Number=Plur|Person=1	_	_	_	@rml1967f-words#@rml1967f#190.008#190.29
707	все	все	DET	_	Case=Nom|Number=Plur	_	_	_	@rml1967f-words#@rml1967f#190.29#190.572
708	обречены	обречь	VERB	_	Aspect=Perf|Number=Plur|Tense=Past|Variant=Short|VerbForm=Part|Voice=Pass	_	_	_	@rml1967f-words#@rml1967f#190.572#190.854
709	потом	потом	ADV	_	Degree=Pos	_	_	_	@rml1967f-words#@rml1967f#190.854#191.136
710	/	/	PUNCT	_	_	_	_	_	@rml1967f-words#@rml1967f#191.136#191.418
711	изучить	изучить	VERB	_	Aspect=Perf|VerbForm=Inf|Voice=Act	_	_	_	@rml1967f-words#@rml1967f#191.418#191.7
712	эту	этот	DET	_	Case=Acc|Gender=Fem|Number=Sing	_	_	_	@rml1967f-words#@rml1967f#191.7#191.982
713	тему	тема	NOUN	_	Animacy=Inan|Case=Acc|Gender=Fem|Number=Sing	_	_	_	@rml1967f-words#@rml1967f#191.982#192.264
714	поближе	близко	ADV	_	Degree=Cmp	_	_	_	@rml1967f-words#@rml1967f#192.264#192.593
715	ну	ну	PART	_	_	_	_	_	@rml1967f-words#@rml1967f#201.239#201.647
716	это	это	PRON	_	Animacy=Inan|Case=Nom|Gender=Neut|Number=Sing	_	_	_	@rml1967f-words#@rml1967f#201.647#202.055
717	красивая	красивый	ADJ	_	Case=Nom|Degree=Pos|Gender=Fem|Number=Sing	_	_	_	@rml1967f-words#@rml1967f#202.055#202.463
718	фраза	фраза	NOUN	_	Animacy=Inan|Case=Nom|Gender=Fem|Number=Sing	_	_	_	@rml1967f-words#@rml1967f#202.463#202.871
719	/	/	PUNCT	_	_	_	_	_	@rml1967f-words#@rml1967f#202.871#203.279
720	вот	вот	PART	_	_	_	_	_	@rml1967f-words#@rml1967f#204.05#204.322
721	вы	вы	PRON	_	Case=Nom|Number=Plur|Person=2	_	_	_	@rml1967f-words#@rml1967f#204.322#204.594
722	знаете	знать	VERB	_	Aspect=Imp|Mood=Ind|Number=Plur|Person=2|Tense=Pres|VerbForm=Fin|Voice=Act	_	_	_	@rml1967f-words#@rml1967f#204.594#204.866
723	/	/	PUNCT	_	_	_	_	_	@rml1967f-words#@rml1967f#204.866#205.138
724	я	я	PRON	_	Case=Nom|Number=Sing|Person=1	_	_	_	@rml1967f-words#@rml1967f#205.138#205.41
725	на	на	ADP	_	_	_	_	_	@rml1967f-words#@rml1967f#205.41#205.682
726	самом	самый	ADJ	_	Case=Loc|Degree=Pos|Gender=Neut|Number=Sing	_	_	_	@rml1967f-words#@rml1967f#205.682#205.954
727	деле	дело	NOUN	_	Animacy=Inan|Case=Loc|Gender=Neut|Number=Sing	_	_	_	@rml1967f-words#@rml1967f#205.954#206.226
728	пришла	прийти	VERB	_	Aspect=Perf|Gender=Fem|Mood=Ind|Number=Sing|Tense=Past|VerbForm=Fin|Voice=Act	_	_	_	@rml1967f-words#@rml1967f#206.226#206.498
729	к	к	ADP	_	_	_	_	_	@rml1967f-words#@rml1967f#206.498#206.77
730	такому	такой	PRON	_	Case=Dat	_	_	_	@rml1967f-words#@rml1967f#206.77#207.042
731	/	/	PUNCT	_	_	_	_	_	@rml1967f-words#@rml1967f#207.042#207.314
732	как	как	SCONJ	_	_	_	_	_	@rml1967f-words#@rml1967f#207.314#207.586
733	сказать	сказать	VERB	_	Aspect=Perf|VerbForm=Inf|Voice=Act	_	_	_	@rml1967f-words#@rml1967f#207.586#207.858
734	/	/	PUNCT	_	_	_	_	_	@rml1967f-words#@rml1967f#207.858#208.13
735	/	/	PUNCT	_	_	_	_	_	@rml1967f-words#@rml1967f#208.13#208.402
736	состоянию	состояние	NOUN	_	Animacy=Inan|Case=Dat|Gender=Neut|Number=Sing	_	_	_	@rml1967f-words#@rml1967f#208.402#208.674
737	/	/	PUNCT	_	_	_	_	_	@rml1967f-words#@rml1967f#208.674#208.946
738	потому	потому	ADV	_	Degree=Pos	_	_	_	@rml1967f-words#@rml1967f#208.946#209.218
739	что	что	SCONJ	_	_	_	_	_	@rml1967f-words#@rml1967f#209.218#209.49
740	ты	ты	PRON	_	Case=Nom|Number=Sing|Person=2	_	_	_	@rml1967f-words#@rml1967f#209.49#209.762
741	же	же	PART	_	_	_	_	_	@rml1967f-words#@rml1967f#209.762#210.034
742	в	в	ADP	_	_	_	_	_	@rml1967f-words#@rml1967f#210.034#210.306
743	течение	течение	NOUN	_	Animacy=Inan|Case=Acc|Gender=Neut|Number=Sing	_	_	_	@rml1967f-words#@rml1967f#210.306#210.578
744	жизни	жизнь	NOUN	_	Animacy=Inan|Case=Gen|Gender=Fem|Number=Sing	_	_	_	@rml1967f-words#@rml1967f#210.578#210.85
745	/	/	PUNCT	_	_	_	_	_	@rml1967f-words#@rml1967f#210.85#211.122
746	/	/	PUNCT	_	_	_	_	_	@rml1967f-words#@rml1967f#211.122#211.394
747	вот	вот	PART	_	_	_	_	_	@rml1967f-words#@rml1967f#211.394#211.666
748	как	как	SCONJ	_	_	_	_	_	@rml1967f-words#@rml1967f#211.666#211.938
749	дети	ребенок	NOUN	_	Animacy=Anim|Case=Nom|Gender=Masc|Number=Plur	_	_	_	@rml1967f-words#@rml1967f#211.938#212.21
750	/	/	PUNCT	_	_	_	_	_	@rml1967f-words#@rml1967f#212.21#212.482
751	они	они	PRON	_	Case=Nom|Number=Plur|Person=3	_	_	_	@rml1967f-words#@rml1967f#212.482#212.754
752	же	же	PART	_	_	_	_	_	@rml1967f-words#@rml1967f#212.754#213.026
753	думают	думать	VERB	_	Aspect=Imp|Mood=Ind|Number=Plur|Person=3|Tense=Pres|VerbForm=Fin|Voice=Act	_	_	_	@rml1967f-words#@rml1967f#213.026#213.298
754	что	что	PRON	_	Case=Acc	_	_	_	@rml1967f-words#@rml1967f#213.298#213.57
755	они	они	PRON	_	Case=Nom|Number=Plur|Person=3	_	_	_	@rml1967f-words#@rml1967f#213.57#213.842
756	бессмертны	бессмертный	ADJ	_	Degree=Pos|Number=Plur|Variant=Short	_	_	_	@rml1967f-words#@rml1967f#213.842#214.114
757	/	/	PUNCT	_	_	_	_	_	@rml1967f-words#@rml1967f#214.114#214.386
758	они	они	PRON	_	Case=Nom|Number=Plur|Person=3	_	_	_	@rml1967f-words#@rml1967f#214.386#214.658
759	же	же	PART	_	_	_	_	_	@rml1967f-words#@rml1967f#214.658#214.93
760	не	не	PART	_	_	_	_	_	@rml1967f-words#@rml1967f#214.93#215.202
761	думают	думать	VERB	_	Aspect=Imp|Mood=Ind|Number=Plur|Person=3|Tense=Pres|VerbForm=Fin|Voice=Act	_	_	_	@rml1967f-words#@rml1967f#215.202#215.474
762	что	что	SCONJ	_	_	_	_	_	@rml1967f-words#@rml1967f#215.474#215.746
763	они	они	PRON	_	Case=Nom|Number=Plur|Person=3	_	_	_	@rml1967f-words#@rml1967f#215.746#216.018
764	когда-то	когда-то	ADV	_	Degree=Pos	_	_	_	@rml1967f-words#@rml1967f#216.018#216.29
765	умрут	умереть	VERB	_	Aspect=Perf|Mood=Ind|Number=Plur|Person=3|Tense=Fut|VerbForm=Fin|Voice=Act	_	_	_	@rml1967f-words#@rml1967f#216.29#216.596
766	мне	я	PRON	_	Case=Dat|Number=Sing|Person=1	_	_	_	@rml1967f-words#@rml1967f#216.95#217.335
767	кажется	казаться	VERB	_	Aspect=Imp|Mood=Ind|Number=Sing|Person=3|Tense=Pres|VerbForm=Fin|Voice=Act	_	_	_	@rml1967f-words#@rml1967f#217.335#217.72
768	это	этот	PRON	_	Animacy=Inan|Case=Nom|Gender=Neut|Number=Sing	_	_	_	@rml1967f-words#@rml1967f#217.72#218.105
769	самое	самый	ADJ	_	Case=Nom|Degree=Pos|Gender=Neut|Number=Sing	_	_	_	@rml1967f-words#@rml1967f#218.105#218.49
770	верное	верный	ADJ	_	Case=Nom|Degree=Pos|Gender=Neut|Number=Sing	_	_	_	@rml1967f-words#@rml1967f#218.49#218.875
771	отношение	отношение	NOUN	_	Animacy=Inan|Case=Nom|Gender=Neut|Number=Sing	_	_	_	@rml1967f-words#@rml1967f#218.875#219.26
772	к	к	ADP	_	_	_	_	_	@rml1967f-words#@rml1967f#219.26#219.645
773	этому	этот	PRON	_	Animacy=Inan|Case=Dat|Gender=Neut|Number=Sing	_	_	_	@rml1967f-words#@rml1967f#219.645#220.03
774	/	/	PUNCT	_	_	_	_	_	@rml1967f-words#@rml1967f#220.03#220.415
775	думать	думать	VERB	_	Aspect=Imp|VerbForm=Inf|Voice=Act	_	_	_	@rml1967f-words#@rml1967f#220.415#220.8
776	что	что	PRON	_	Case=Acc	_	_	_	@rml1967f-words#@rml1967f#220.8#221.185
777	ты	ты	PRON	_	Case=Nom|Number=Sing|Person=2	_	_	_	@rml1967f-words#@rml1967f#221.185#221.57
778	бессмертен	бессмертный	ADJ	_	Degree=Pos|Gender=Masc|Number=Sing|Variant=Short	_	_	_	@rml1967f-words#@rml1967f#221.57#221.959
779	но	но	CCONJ	_	_	_	_	_	@rml1967f-words#@rml1967f#222.39#222.644
780	вы	вы	PRON	_	Case=Nom|Number=Plur|Person=2	_	_	_	@rml1967f-words#@rml1967f#222.644#222.898
781	же	же	PART	_	_	_	_	_	@rml1967f-words#@rml1967f#222.898#223.152
782	/	/	PUNCT	_	_	_	_	_	@rml1967f-words#@rml1967f#223.152#223.406
783	но	но	CCONJ	_	_	_	_	_	@rml1967f-words#@rml1967f#223.406#223.66
784	вы	вы	PRON	_	Case=Nom|Number=Plur|Person=2	_	_	_	@rml1967f-words#@rml1967f#223.66#223.914
785	же	же	PART	_	_	_	_	_	@rml1967f-words#@rml1967f#223.914#224.168
786	атеист	атеист	NOUN	_	Animacy=Anim|Case=Nom|Gender=Masc|Number=Sing	_	_	_	@rml1967f-words#@rml1967f#224.168#224.423
787	то	то	PRON	_	Animacy=Inan|Case=Nom|Gender=Neut|Number=Sing	_	_	_	@rml1967f-words#@rml1967f#224.903#225.197
788	есть	быть	VERB	_	Aspect=Imp|Mood=Ind|Number=Sing|Person=3|Tense=Pres|VerbForm=Fin|Voice=Act	_	_	_	@rml1967f-words#@rml1967f#225.197#225.491
789	вы	вы	PRON	_	Case=Nom|Number=Plur|Person=2	_	_	_	@rml1967f-words#@rml1967f#225.491#225.785
790	думаете	думать	VERB	_	Aspect=Imp|Mood=Ind|Number=Plur|Person=2|Tense=Pres|VerbForm=Fin|Voice=Act	_	_	_	@rml1967f-words#@rml1967f#225.785#226.079
791	что	что	PRON	_	Case=Nom	_	_	_	@rml1967f-words#@rml1967f#226.079#226.373
792	/	/	PUNCT	_	_	_	_	_	@rml1967f-words#@rml1967f#226.373#226.667
793	/	/	PUNCT	_	_	_	_	_	@rml1967f-words#@rml1967f#226.667#226.961
794	все	все	PART	_	_	_	_	_	@rml1967f-words#@rml1967f#226.961#227.255
795	?	?	PUNCT	_	_	_	_	_	@rml1967f-words#@rml1967f#227.255#227.553
796	но	но	CCONJ	_	_	_	_	_	@rml1967f-words#@rml1967f#228.13#228.558
797	этому	этот	PRON	_	Animacy=Inan|Case=Dat|Gender=Neut|Number=Sing	_	_	_	@rml1967f-words#@rml1967f#228.558#228.986
798	же	же	PART	_	_	_	_	_	@rml1967f-words#@rml1967f#228.986#229.414
799	есть	быть	AUX	_	Aspect=Imp|Mood=Ind|Number=Sing|Person=3|Tense=Pres|VerbForm=Fin|Voice=Act	_	_	_	@rml1967f-words#@rml1967f#229.414#229.842
800	масса	масса	NOUN	_	Animacy=Inan|Case=Nom|Gender=Fem|Number=Sing	_	_	_	@rml1967f-words#@rml1967f#229.842#230.27
801	доказательств	доказательство	NOUN	_	Animacy=Inan|Case=Gen|Gender=Neut|Number=Plur	_	_	_	@rml1967f-words#@rml1967f#230.27#230.698
802	что	что	PRON	_	Case=Acc	_	_	_	@rml1967f-words#@rml1967f#230.698#231.13
803	да	да	PART	_	_	_	_	_	@rml1967f-words#@rml1967f#235.16#235.46
804	а	а	CCONJ	_	_	_	_	_	@rml1967f-words#@rml1967f#238.55#238.845
805	душа	душа	NOUN	_	Animacy=Inan|Case=Nom|Gender=Fem|Number=Sing	_	_	_	@rml1967f-words#@rml1967f#238.845#239.14
806	?	?	PUNCT	_	_	_	_	_	@rml1967f-words#@rml1967f#239.14#239.437
807	нет-нет-нет	нет	PART	_	_	_	_	_	@rml1967f-words#@rml1967f#245.41#245.893
808	я	я	PRON	_	Case=Nom|Number=Sing|Person=1	_	_	_	@rml1967f-words#@rml1967f#245.893#246.376
809	уважаю	уважать	VERB	_	Aspect=Imp|Mood=Ind|Number=Sing|Person=1|Tense=Pres|VerbForm=Fin|Voice=Act	_	_	_	@rml1967f-words#@rml1967f#246.376#246.861
810	как	как	ADV	_	Degree=Pos	_	_	_	@rml1967f-words#@rml1967f#246.965#247.231
811	это	это	PRON	_	Animacy=Inan|Case=Acc|Gender=Neut|Number=Sing	_	_	_	@rml1967f-words#@rml1967f#247.231#247.497
812	уважать	уважать	VERB	_	Aspect=Perf|VerbForm=Inf|Voice=Act	_	_	_	@rml1967f-words#@rml1967f#247.497#247.763
813	чувства	чувство	NOUN	_	Animacy=Inan|Case=Acc|Gender=Neut|Number=Plur	_	_	_	@rml1967f-words#@rml1967f#247.763#248.029
814	верующих	верующий	NOUN	_	Animacy=Anim|Case=Gen|Gender=Masc|Number=Plur	_	_	_	@rml1967f-words#@rml1967f#248.029#248.295
815	я	я	PRON	_	Case=Nom|Number=Sing|Person=1	_	_	_	@rml1967f-words#@rml1967f#248.295#248.561
816	уважаю	уважать	VERB	_	Aspect=Imp|Mood=Ind|Number=Sing|Person=1|Tense=Pres|VerbForm=Fin|Voice=Act	_	_	_	@rml1967f-words#@rml1967f#248.561#248.827
817	чувства	чувство	NOUN	_	Animacy=Inan|Case=Acc|Gender=Neut|Number=Plur	_	_	_	@rml1967f-words#@rml1967f#248.827#249.093
818	неверующих	неверующий	NOUN	_	Animacy=Anim|Case=Gen|Gender=Masc|Number=Plur	_	_	_	@rml1967f-words#@rml1967f#249.093#249.359
819	/	/	PUNCT	_	_	_	_	_	@rml1967f-words#@rml1967f#249.359#249.625
820	да	да	PART	_	_	_	_	_	@rml1967f-words#@rml1967f#250.89#251.211
821	мне	я	PRON	_	Case=Dat|Number=Sing|Person=1	_	_	_	@rml1967f-words#@rml1967f#256.279#256.693
822	кажется	казаться	VERB	_	Aspect=Imp|Mood=Ind|Number=Sing|Person=3|Tense=Pres|VerbForm=Fin|Voice=Act	_	_	_	@rml1967f-words#@rml1967f#256.693#257.107
823	что	что	SCONJ	_	_	_	_	_	@rml1967f-words#@rml1967f#257.107#257.521
824	да	да	PART	_	_	_	_	_	@rml1967f-words#@rml1967f#257.521#257.935
825	/	/	PUNCT	_	_	_	_	_	@rml1967f-words#@rml1967f#257.935#258.349
826	я	я	PRON	_	Case=Nom|Number=Sing|Person=1	_	_	_	@rml1967f-words#@rml1967f#258.349#258.763
827	ее	она	PRON	_	Case=Gen|Gender=Fem|Number=Sing|Person=3	_	_	_	@rml1967f-words#@rml1967f#258.763#259.177
828	конечно	конечно	ADV	_	Degree=Pos	_	_	_	@rml1967f-words#@rml1967f#259.177#259.591
829	/	/	PUNCT	_	_	_	_	_	@rml1967f-words#@rml1967f#259.591#260.005
830	просто	просто	PART	_	_	_	_	_	@rml1967f-words#@rml1967f#260.005#260.419
831	мне	я	PRON	_	Case=Dat|Number=Sing|Person=1	_	_	_	@rml1967f-words#@rml1967f#260.419#260.833
832	иногда	иногда	ADV	_	Degree=Pos	_	_	_	@rml1967f-words#@rml1967f#260.833#261.247
833	нравится	нравиться	VERB	_	Aspect=Imp|Mood=Ind|Number=Sing|Person=3|Tense=Pres|VerbForm=Fin|Voice=Act	_	_	_	@rml1967f-words#@rml1967f#261.247#261.661
834	соо	Х	_	_	_	_	_	_	@rml1967f-words#@rml1967f#261.661#262.075
835	соединять	соединять	VERB	_	Aspect=Imp|VerbForm=Inf|Voice=Act	_	_	_	@rml1967f-words#@rml1967f#262.075#262.489
836	слова	слово	NOUN	_	Animacy=Inan|Case=Acc|Gender=Neut|Number=Plur	_	_	_	@rml1967f-words#@rml1967f#262.489#262.903
837	и	и	CCONJ	_	_	_	_	_	@rml1967f-words#@rml1967f#262.903#263.317
838	иногда	иногда	ADV	_	Degree=Pos	_	_	_	@rml1967f-words#@rml1967f#263.317#263.731
839	они	они	PRON	_	Case=Nom|Number=Plur|Person=3	_	_	_	@rml1967f-words#@rml1967f#263.731#264.145
840	/	/	PUNCT	_	_	_	_	_	@rml1967f-words#@rml1967f#264.145#264.559
841	просто	просто	PART	_	_	_	_	_	@rml1967f-words#@rml1967f#264.559#264.973
842	красивая	красивый	ADJ	_	Case=Nom|Degree=Pos|Gender=Fem|Number=Sing	_	_	_	@rml1967f-words#@rml1967f#264.973#265.387
843	фраза	фраза	NOUN	_	Animacy=Inan|Case=Nom|Gender=Fem|Number=Sing	_	_	_	@rml1967f-words#@rml1967f#265.387#265.821
844	ну	ну	PART	_	_	_	_	_	@rml1967f-words#@rml1967f#276.09#276.403
845	да	да	PART	_	_	_	_	_	@rml1967f-words#@rml1967f#276.403#276.716
846	это	это	PRON	_	Animacy=Inan|Case=Nom|Gender=Neut|Number=Sing	_	_	_	@rml1967f-words#@rml1967f#276.716#277.029
847	такое	такой	DET	_	Case=Nom|Gender=Neut|Number=Sing	_	_	_	@rml1967f-words#@rml1967f#277.029#277.342
848	слово	слово	NOUN	_	Animacy=Inan|Case=Nom|Gender=Neut|Number=Sing	_	_	_	@rml1967f-words#@rml1967f#277.342#277.655
849	есть	быть	VERB	_	Aspect=Imp|Mood=Ind|Number=Sing|Person=3|Tense=Pres|VerbForm=Fin|Voice=Act	_	_	_	@rml1967f-words#@rml1967f#277.655#277.968
850	/	/	PUNCT	_	_	_	_	_	@rml1967f-words#@rml1967f#277.968#278.281
851	которым	который	PRON	_	Case=Ins	_	_	_	@rml1967f-words#@rml1967f#278.281#278.594
852	мы	мы	PRON	_	Case=Nom|Number=Plur|Person=1	_	_	_	@rml1967f-words#@rml1967f#278.594#278.907
853	называем	называть	VERB	_	Aspect=Imp|Mood=Ind|Number=Plur|Person=1|Tense=Pres|VerbForm=Fin|Voice=Act	_	_	_	@rml1967f-words#@rml1967f#278.907#279.22
854	вот	вот	PART	_	_	_	_	_	@rml1967f-words#@rml1967f#279.22#279.533
855	туда	туда	ADV	_	Degree=Pos	_	_	_	@rml1967f-words#@rml1967f#279.533#279.846
856	переход	переход	NOUN	_	Animacy=Inan|Case=Nom|Gender=Masc|Number=Sing	_	_	_	@rml1967f-words#@rml1967f#279.846#280.159
857	да	да	PART	_	_	_	_	_	@rml1967f-words#@rml1967f#292.3#292.785
858	кстати	кстати	NUM	_	Case=Gen	_	_	_	@rml1967f-words#@rml1967f#292.785#293.27
859	#вздыхает#	#вздыхает#	NOUN	_	Animacy=Inan|Case=Gen|Gender=Fem|Number=Sing	_	_	_	@rml1967f-words#@rml1967f#301.04#301.259
860	ну	ну	PART	_	_	_	_	_	@rml1967f-words#@rml1967f#301.259#301.478
861	плохо	плохо	ADV	_	Degree=Pos	_	_	_	@rml1967f-words#@rml1967f#301.478#301.697
862	я	я	PRON	_	Case=Nom|Number=Sing|Person=1	_	_	_	@rml1967f-words#@rml1967f#301.697#301.916
863	к	к	ADP	_	_	_	_	_	@rml1967f-words#@rml1967f#301.916#302.135
864	ней	она	PRON	_	Case=Dat|Gender=Fem|Number=Sing|Person=3	_	_	_	@rml1967f-words#@rml1967f#302.135#302.354
865	отношусь	относиться	VERB	_	Aspect=Imp|Mood=Ind|Number=Sing|Person=1|Tense=Pres|VerbForm=Fin|Voice=Act	_	_	_	@rml1967f-words#@rml1967f#302.354#302.573
866	конечно	конечно	ADV	_	Degree=Pos	_	_	_	@rml1967f-words#@rml1967f#302.573#302.796
867	да	да	PART	_	_	_	_	_	@rml1967f-words#@rml1967f#303.08#304.07
868	несправедливый	несправедливый	ADJ	_	Case=Nom|Degree=Pos|Gender=Masc|Number=Sing	_	_	_	@rml1967f-words#@rml1967f#304.07#304.516
869	этот	этот	DET	_	Case=Nom|Gender=Masc|Number=Sing	_	_	_	@rml1967f-words#@rml1967f#304.516#304.962
870	процесс	процесс	NOUN	_	Animacy=Inan|Case=Nom|Gender=Masc|Number=Sing	_	_	_	@rml1967f-words#@rml1967f#304.962#305.408
871	/	/	PUNCT	_	_	_	_	_	@rml1967f-words#@rml1967f#305.408#305.854
872	я	я	PRON	_	Case=Nom|Number=Sing|Person=1	_	_	_	@rml1967f-words#@rml1967f#305.854#306.3
873	считаю	считать	VERB	_	Aspect=Imp|Mood=Ind|Number=Sing|Person=1|Tense=Pres|VerbForm=Fin|Voice=Act	_	_	_	@rml1967f-words#@rml1967f#306.3#306.75
874	потому	потому	ADV	_	Degree=Pos	_	_	_	@rml1967f-words#@rml1967f#308.11#308.134
875	что	что	SCONJ	_	_	_	_	_	@rml1967f-words#@rml1967f#308.134#308.158
876	внутри-то	внутри	ADV	_	Degree=Pos	_	_	_	@rml1967f-words#@rml1967f#308.158#308.182
877	мы	мы	PRON	_	Case=Nom|Number=Plur|Person=1	_	_	_	@rml1967f-words#@rml1967f#308.182#308.206
878	не	не	PART	_	_	_	_	_	@rml1967f-words#@rml1967f#308.206#308.23
879	стареем	стареть	VERB	_	Aspect=Imp|Mood=Ind|Number=Plur|Person=1|Tense=Pres|VerbForm=Fin|Voice=Act	_	_	_	@rml1967f-words#@rml1967f#308.23#308.254
880	/	/	PUNCT	_	_	_	_	_	@rml1967f-words#@rml1967f#308.254#308.278
881	для	для	ADP	_	_	_	_	_	@rml1967f-words#@rml1967f#308.278#308.302
882	мужчин	мужчина	NOUN	_	Animacy=Anim|Case=Gen|Gender=Masc|Number=Plur	_	_	_	@rml1967f-words#@rml1967f#308.302#308.326
883	я	я	PRON	_	Case=Nom|Number=Sing|Person=1	_	_	_	@rml1967f-words#@rml1967f#308.326#308.35
884	еще	еще	ADV	_	Degree=Pos	_	_	_	@rml1967f-words#@rml1967f#308.35#308.374
885	туда-сюда	туда-сюда	ADV	_	Degree=Pos	_	_	_	@rml1967f-words#@rml1967f#308.374#308.398
886	соглашусь	согласиться	VERB	_	Aspect=Imp|Mood=Ind|Number=Sing|Person=1|Tense=Pres|VerbForm=Fin|Voice=Act	_	_	_	@rml1967f-words#@rml1967f#308.398#308.422
887	/	/	PUNCT	_	_	_	_	_	@rml1967f-words#@rml1967f#308.422#308.446
888	/	/	PUNCT	_	_	_	_	_	@rml1967f-words#@rml1967f#308.446#308.47
889	а	а	CCONJ	_	_	_	_	_	@rml1967f-words#@rml1967f#308.47#308.494
890	женщине	женщина	NOUN	_	Animacy=Anim|Case=Dat|Gender=Fem|Number=Sing	_	_	_	@rml1967f-words#@rml1967f#308.494#308.518
891	конечно	конечно	ADV	_	Degree=Pos	_	_	_	@rml1967f-words#@rml1967f#308.518#308.542
892	/	/	PUNCT	_	_	_	_	_	@rml1967f-words#@rml1967f#308.542#308.566
893	/	/	PUNCT	_	_	_	_	_	@rml1967f-words#@rml1967f#308.566#308.59
894	все	весь	DET	_	Case=Nom|Gender=Neut|Number=Sing	_	_	_	@rml1967f-words#@rml1967f#308.59#308.614
895	это	это	PRON	_	Animacy=Inan|Case=Nom|Gender=Neut|Number=Sing	_	_	_	@rml1967f-words#@rml1967f#308.614#308.638
896	драматично	драматичный	ADJ	_	Degree=Pos|Gender=Neut|Number=Sing|Variant=Short	_	_	_	@rml1967f-words#@rml1967f#308.638#308.662
897	/	/	PUNCT	_	_	_	_	_	@rml1967f-words#@rml1967f#308.662#308.686
898	это	это	PRON	_	Animacy=Inan|Case=Acc|Gender=Neut|Number=Sing	_	_	_	@rml1967f-words#@rml1967f#308.686#308.71
899	надо	надо	ADV	_	Degree=Pos	_	_	_	@rml1967f-words#@rml1967f#308.71#308.734
900	как-то	как-то	ADV	_	Degree=Pos	_	_	_	@rml1967f-words#@rml1967f#308.734#308.758
901	принять	принять	VERB	_	Aspect=Perf|VerbForm=Inf|Voice=Act	_	_	_	@rml1967f-words#@rml1967f#308.758#308.782
902	и	и	CCONJ	_	_	_	_	_	@rml1967f-words#@rml1967f#308.782#308.806
903	/	/	PUNCT	_	_	_	_	_	@rml1967f-words#@rml1967f#308.806#308.83
904	идти	идти	VERB	_	Aspect=Imp|VerbForm=Inf|Voice=Act	_	_	_	@rml1967f-words#@rml1967f#308.83#308.854
905	по	по	ADP	_	_	_	_	_	@rml1967f-words#@rml1967f#308.854#308.878
906	этому	этот	DET	_	Case=Dat|Gender=Masc|Number=Sing	_	_	_	@rml1967f-words#@rml1967f#308.878#308.902
907	процессу	процесс	NOUN	_	Animacy=Inan|Case=Dat|Gender=Masc|Number=Sing	_	_	_	@rml1967f-words#@rml1967f#308.902#308.926
908	/	/	PUNCT	_	_	_	_	_	@rml1967f-words#@rml1967f#308.926#308.95
909	но	но	CCONJ	_	_	_	_	_	@rml1967f-words#@rml1967f#308.95#308.974
910	ты	ты	PRON	_	Case=Nom|Number=Sing|Person=2	_	_	_	@rml1967f-words#@rml1967f#308.974#308.998
911	же	же	PART	_	_	_	_	_	@rml1967f-words#@rml1967f#308.998#309.022
912	просто	просто	PART	_	_	_	_	_	@rml1967f-words#@rml1967f#309.022#309.046
913	дряхлеешь	дряхлеть	VERB	_	Aspect=Perf|Mood=Ind|Number=Sing|Person=2|Tense=Fut|VerbForm=Fin|Voice=Act	_	_	_	@rml1967f-words#@rml1967f#309.046#309.07
914	ты	ты	PRON	_	Case=Nom|Number=Sing|Person=2	_	_	_	@rml1967f-words#@rml1967f#309.07#309.094
915	становишься	становиться	VERB	_	Aspect=Imp|Mood=Ind|Number=Sing|Person=2|Tense=Pres|VerbForm=Fin|Voice=Act	_	_	_	@rml1967f-words#@rml1967f#309.094#309.118
916	усталым	усталый	ADJ	_	Case=Ins|Degree=Pos|Gender=Masc|Number=Sing	_	_	_	@rml1967f-words#@rml1967f#309.118#309.142
917	/	/	PUNCT	_	_	_	_	_	@rml1967f-words#@rml1967f#309.142#309.166
918	но	но	CCONJ	_	_	_	_	_	@rml1967f-words#@rml1967f#309.166#309.19
919	в	в	ADP	_	_	_	_	_	@rml1967f-words#@rml1967f#309.19#309.214
920	тебе	ты	PRON	_	Case=Dat|Number=Sing|Person=2	_	_	_	@rml1967f-words#@rml1967f#309.214#309.238
921	горят	гореть	VERB	_	Aspect=Imp|Mood=Ind|Number=Plur|Person=3|Tense=Pres|VerbForm=Fin|Voice=Act	_	_	_	@rml1967f-words#@rml1967f#309.238#309.262
922	те	тот	DET	_	Case=Nom|Number=Plur	_	_	_	@rml1967f-words#@rml1967f#309.262#309.286
923	же	же	PART	_	_	_	_	_	@rml1967f-words#@rml1967f#309.286#309.31
924	страсти	страсть	NOUN	_	Animacy=Inan|Case=Nom|Gender=Fem|Number=Plur	_	_	_	@rml1967f-words#@rml1967f#309.31#309.334
925	/	/	PUNCT	_	_	_	_	_	@rml1967f-words#@rml1967f#309.334#309.358
926	конечно	конечно	ADV	_	Degree=Pos	_	_	_	@rml1967f-words#@rml1967f#309.358#309.382
927	несправедливо	несправедливо	ADV	_	Degree=Pos	_	_	_	@rml1967f-words#@rml1967f#309.382#309.406
928	это	это	PRON	_	Animacy=Inan|Case=Nom|Gender=Neut|Number=Sing	_	_	_	@rml1967f-words#@rml1967f#309.406#309.43
929	твоя	твой	DET	_	Case=Nom|Gender=Fem|Number=Sing	_	_	_	@rml1967f-words#@rml1967f#309.43#309.454
930	оболочка	оболочка	NOUN	_	Animacy=Inan|Case=Nom|Gender=Fem|Number=Sing	_	_	_	@rml1967f-words#@rml1967f#309.454#309.478
931	стареет	стареть	VERB	_	Aspect=Imp|Mood=Ind|Number=Sing|Person=3|Tense=Pres|VerbForm=Fin|Voice=Act	_	_	_	@rml1967f-words#@rml1967f#309.478#309.502
932	/	/	PUNCT	_	_	_	_	_	@rml1967f-words#@rml1967f#309.502#309.526
933	/	/	PUNCT	_	_	_	_	_	@rml1967f-words#@rml1967f#309.526#309.55
934	проклятая	проклятый	VERB	_	Aspect=Perf|Case=Nom|Gender=Fem|Number=Sing|Tense=Past|VerbForm=Part|Voice=Pass	_	_	_	@rml1967f-words#@rml1967f#309.55#309.62
935	для	для	ADP	_	_	_	_	_	@rml1967f-words#@rml1967f#310.75#311.046
936	мужчин	мужчина	NOUN	_	Animacy=Anim|Case=Gen|Gender=Masc|Number=Plur	_	_	_	@rml1967f-words#@rml1967f#311.046#311.342
937	я	я	PRON	_	Case=Nom|Number=Sing|Person=1	_	_	_	@rml1967f-words#@rml1967f#311.342#311.638
938	еще	еще	ADV	_	Degree=Pos	_	_	_	@rml1967f-words#@rml1967f#311.638#311.934
939	туда-сюда	туда-сюда	ADV	_	Degree=Pos	_	_	_	@rml1967f-words#@rml1967f#311.934#312.23
940	соглашусь	согласиться	VERB	_	Aspect=Imp|Mood=Ind|Number=Sing|Person=1|Tense=Pres|VerbForm=Fin|Voice=Act	_	_	_	@rml1967f-words#@rml1967f#312.23#312.529
941	а	а	CCONJ	_	_	_	_	_	@rml1967f-words#@rml1967f#313.34#313.692
942	женщине	женщина	NOUN	_	Animacy=Anim|Case=Dat|Gender=Fem|Number=Sing	_	_	_	@rml1967f-words#@rml1967f#313.692#314.044
943	конечно	конечно	ADV	_	Degree=Pos	_	_	_	@rml1967f-words#@rml1967f#314.044#314.396
944	/	/	PUNCT	_	_	_	_	_	@rml1967f-words#@rml1967f#314.396#314.748
945	/	/	PUNCT	_	_	_	_	_	@rml1967f-words#@rml1967f#314.748#315.1
946	все	весь	DET	_	Case=Nom|Gender=Neut|Number=Sing	_	_	_	@rml1967f-words#@rml1967f#315.1#315.452
947	это	это	PRON	_	Animacy=Inan|Case=Nom|Gender=Neut|Number=Sing	_	_	_	@rml1967f-words#@rml1967f#315.452#315.804
948	драматично	драматично	ADV	_	Degree=Pos	_	_	_	@rml1967f-words#@rml1967f#315.804#316.156
949	/	/	PUNCT	_	_	_	_	_	@rml1967f-words#@rml1967f#316.156#316.508
950	это	это	PRON	_	Animacy=Inan|Case=Acc|Gender=Neut|Number=Sing	_	_	_	@rml1967f-words#@rml1967f#316.508#316.86
951	надо	надо	ADV	_	Degree=Pos	_	_	_	@rml1967f-words#@rml1967f#316.86#317.212
952	как-то	как-то	ADV	_	Degree=Pos	_	_	_	@rml1967f-words#@rml1967f#317.212#317.564
953	принять	принять	VERB	_	Aspect=Perf|VerbForm=Inf|Voice=Act	_	_	_	@rml1967f-words#@rml1967f#317.564#317.916
954	и	и	CCONJ	_	_	_	_	_	@rml1967f-words#@rml1967f#317.916#318.268
955	/	/	PUNCT	_	_	_	_	_	@rml1967f-words#@rml1967f#318.268#318.62
956	идти	идти	VERB	_	Aspect=Imp|VerbForm=Inf|Voice=Act	_	_	_	@rml1967f-words#@rml1967f#318.62#318.972
957	по	по	ADP	_	_	_	_	_	@rml1967f-words#@rml1967f#318.972#319.324
958	этому	этот	DET	_	Case=Dat|Gender=Masc|Number=Sing	_	_	_	@rml1967f-words#@rml1967f#319.324#319.676
959	процессу	процесс	NOUN	_	Animacy=Inan|Case=Dat|Gender=Masc|Number=Sing	_	_	_	@rml1967f-words#@rml1967f#319.676#320.028
960	/	/	PUNCT	_	_	_	_	_	@rml1967f-words#@rml1967f#320.028#320.38
961	но	но	CCONJ	_	_	_	_	_	@rml1967f-words#@rml1967f#320.38#320.732
962	ты	ты	PRON	_	Case=Nom|Number=Sing|Person=2	_	_	_	@rml1967f-words#@rml1967f#320.732#321.084
963	же	же	PART	_	_	_	_	_	@rml1967f-words#@rml1967f#321.084#321.436
964	просто	просто	PART	_	_	_	_	_	@rml1967f-words#@rml1967f#321.436#321.788
965	дряхлеешь	дряхлеть	VERB	_	Aspect=Perf|Mood=Ind|Number=Sing|Person=2|Tense=Fut|VerbForm=Fin|Voice=Act	_	_	_	@rml1967f-words#@rml1967f#321.788#322.14
966	ты	ты	PRON	_	Case=Nom|Number=Sing|Person=2	_	_	_	@rml1967f-words#@rml1967f#322.14#322.492
967	становишься	становиться	VERB	_	Aspect=Imp|Mood=Ind|Number=Sing|Person=2|Tense=Pres|VerbForm=Fin|Voice=Act	_	_	_	@rml1967f-words#@rml1967f#322.492#322.844
968	усталым	усталый	ADJ	_	Case=Ins|Degree=Pos|Gender=Masc|Number=Sing	_	_	_	@rml1967f-words#@rml1967f#322.844#323.196
969	/	/	PUNCT	_	_	_	_	_	@rml1967f-words#@rml1967f#323.196#323.548
970	но	но	CCONJ	_	_	_	_	_	@rml1967f-words#@rml1967f#323.548#323.9
971	в	в	ADP	_	_	_	_	_	@rml1967f-words#@rml1967f#323.9#324.252
972	тебе	ты	PRON	_	Case=Dat|Number=Sing|Person=2	_	_	_	@rml1967f-words#@rml1967f#324.252#324.604
973	горят	гореть	VERB	_	Aspect=Imp|Mood=Ind|Number=Plur|Person=3|Tense=Pres|VerbForm=Fin|Voice=Act	_	_	_	@rml1967f-words#@rml1967f#324.604#324.956
974	те	тот	DET	_	Case=Nom|Number=Plur	_	_	_	@rml1967f-words#@rml1967f#324.956#325.308
975	же	же	PART	_	_	_	_	_	@rml1967f-words#@rml1967f#325.308#325.66
976	страсти	страсть	NOUN	_	Animacy=Inan|Case=Nom|Gender=Fem|Number=Plur	_	_	_	@rml1967f-words#@rml1967f#325.66#326.012
977	/	/	PUNCT	_	_	_	_	_	@rml1967f-words#@rml1967f#326.012#326.364
978	конечно	конечно	ADV	_	Degree=Pos	_	_	_	@rml1967f-words#@rml1967f#326.364#326.716
979	несправедливо	несправедливо	ADV	_	Degree=Pos	_	_	_	@rml1967f-words#@rml1967f#326.716#327.068
980	это	это	PRON	_	Animacy=Inan|Case=Nom|Gender=Neut|Number=Sing	_	_	_	@rml1967f-words#@rml1967f#327.068#327.42
981	твоя	твой	DET	_	Case=Nom|Gender=Fem|Number=Sing	_	_	_	@rml1967f-words#@rml1967f#327.42#327.772
982	оболочка	оболочка	NOUN	_	Animacy=Inan|Case=Nom|Gender=Fem|Number=Sing	_	_	_	@rml1967f-words#@rml1967f#327.772#328.124
983	стареет	стареть	VERB	_	Aspect=Imp|Mood=Ind|Number=Sing|Person=3|Tense=Pres|VerbForm=Fin|Voice=Act	_	_	_	@rml1967f-words#@rml1967f#328.124#328.513
984	проклятая	проклинать	VERB	_	Aspect=Perf|Case=Nom|Gender=Fem|Number=Sing|Tense=Past|VerbForm=Part|Voice=Pass	_	_	_	@rml1967f-words#@rml1967f#329.08#329.897
985	так	так	ADV	_	Degree=Pos	_	_	_	@rml1967f-words#@rml1967f#330.75#331.007
986	что	что	SCONJ	_	_	_	_	_	@rml1967f-words#@rml1967f#331.007#331.264
987	в	в	ADP	_	_	_	_	_	@rml1967f-words#@rml1967f#331.264#331.521
