1	наука	наука	NOUN	_	Animacy=Inan|Case=Nom|Gender=Fem|Number=Sing	_	_	_	@bsb1954m-words#@bsb1954m#18.887#19.302
2	и	и	CCONJ	_	_	_	_	_	@bsb1954m-words#@bsb1954m#19.302#19.717
3	образование	образование	NOUN	_	Animacy=Inan|Case=Nom|Gender=Neut|Number=Sing	_	_	_	@bsb1954m-words#@bsb1954m#19.717#20.132
4	это	этот	PRON	_	Animacy=Inan|Case=Nom|Gender=Neut|Number=Sing	_	_	_	@bsb1954m-words#@bsb1954m#20.132#20.547
5	способ	способ	NOUN	_	Animacy=Inan|Case=Nom|Gender=Masc|Number=Sing	_	_	_	@bsb1954m-words#@bsb1954m#20.547#20.962
6	постоянно	постоянно	ADV	_	Degree=Pos	_	_	_	@bsb1954m-words#@bsb1954m#20.962#21.377
7	действующего	действовать	VERB	_	Aspect=Imp|Case=Gen|Gender=Neut|Number=Sing|Tense=Pres|VerbForm=Part|Voice=Act	_	_	_	@bsb1954m-words#@bsb1954m#21.377#21.792
8	зомбирования	зомбирование	NOUN	_	Animacy=Inan|Case=Gen|Gender=Neut|Number=Sing	_	_	_	@bsb1954m-words#@bsb1954m#21.792#22.207
9	землян	землянин	NOUN	_	Animacy=Anim|Case=Gen|Gender=Masc|Number=Plur	_	_	_	@bsb1954m-words#@bsb1954m#22.207#22.622
10	утверждает	утверждать	VERB	_	Aspect=Imp|Mood=Ind|Number=Sing|Person=3|Tense=Pres|VerbForm=Fin|Voice=Act	_	_	_	@bsb1954m-words#@bsb1954m#22.622#23.037
11	/	/	PUNCT	_	_	_	_	_	@bsb1954m-words#@bsb1954m#23.037#23.452
12	Юрий	Юрий	PROPN	_	Animacy=Anim|Case=Nom|Gender=Masc|Number=Sing	_	_	_	@bsb1954m-words#@bsb1954m#23.452#23.867
13	Степанович	Степанович	PROPN	_	Animacy=Anim|Case=Nom|Gender=Masc|Number=Sing	_	_	_	@bsb1954m-words#@bsb1954m#23.867#24.282
14	/	/	PUNCT	_	_	_	_	_	@bsb1954m-words#@bsb1954m#24.282#24.697
15	н...	н...	PROPN	_	Animacy=Anim|Case=Dat|Gender=Fem|Number=Sing	_	_	_	@bsb1954m-words#@bsb1954m#24.697#25.112
16	для	для	ADP	_	_	_	_	_	@bsb1954m-words#@bsb1954m#25.112#25.527
17	меня	я	PRON	_	Case=Gen|Number=Sing|Person=1	_	_	_	@bsb1954m-words#@bsb1954m#25.527#25.942
18	это	это	PRON	_	Animacy=Inan|Case=Nom|Gender=Neut|Number=Sing	_	_	_	@bsb1954m-words#@bsb1954m#25.942#26.357
19	очень	очень	ADV	_	Degree=Pos	_	_	_	@bsb1954m-words#@bsb1954m#26.357#26.772
20	даже	даже	PART	_	_	_	_	_	@bsb1954m-words#@bsb1954m#26.772#27.187
21	неприятно	неприятный	ADV	_	Degree=Pos	_	_	_	@bsb1954m-words#@bsb1954m#27.187#27.602
22	в	в	ADP	_	_	_	_	_	@bsb1954m-words#@bsb1954m#27.602#28.017
23	смысле	смысл	NOUN	_	Animacy=Inan|Case=Loc|Gender=Masc|Number=Sing	_	_	_	@bsb1954m-words#@bsb1954m#28.017#28.432
24	финансовом	финансовый	ADJ	_	Case=Loc|Degree=Pos|Gender=Masc|Number=Sing	_	_	_	@bsb1954m-words#@bsb1954m#28.432#28.847
25	потому	потому	ADV	_	Degree=Pos	_	_	_	@bsb1954m-words#@bsb1954m#28.847#29.262
26	что	что	SCONJ	_	_	_	_	_	@bsb1954m-words#@bsb1954m#29.262#29.677
27	я	я	PRON	_	Case=Nom|Number=Sing|Person=1	_	_	_	@bsb1954m-words#@bsb1954m#29.677#30.092
28	преподаватель	преподаватель	NOUN	_	Animacy=Anim|Case=Nom|Gender=Masc|Number=Sing	_	_	_	@bsb1954m-words#@bsb1954m#30.092#30.507
29	я	я	PRON	_	Case=Nom|Number=Sing|Person=1	_	_	_	@bsb1954m-words#@bsb1954m#30.507#30.922
30	вот	вот	PART	_	_	_	_	_	@bsb1954m-words#@bsb1954m#30.922#31.337
31	этим	это	PRON	_	Animacy=Inan|Case=Ins|Gender=Neut|Number=Sing	_	_	_	@bsb1954m-words#@bsb1954m#31.337#31.752
32	занимаюсь	заниматься	VERB	_	Aspect=Imp|Mood=Ind|Number=Sing|Person=1|Tense=Pres|VerbForm=Fin|Voice=Mid	_	_	_	@bsb1954m-words#@bsb1954m#31.752#32.167
33	всеми	весь	DET	_	Case=Ins|Number=Plur	_	_	_	@bsb1954m-words#@bsb1954m#32.167#32.582
34	этими	этот	DET	_	Case=Ins|Number=Plur	_	_	_	@bsb1954m-words#@bsb1954m#32.582#32.997
35	арапы	арапа	NOUN	_	Animacy=Anim|Case=Gen|Gender=Masc|Number=Sing	_	_	_	@bsb1954m-words#@bsb1954m#32.997#33.412
36	заправляю	заправлять	VERB	_	Aspect=Imp|Mood=Ind|Number=Sing|Person=1|Tense=Pres|VerbForm=Fin|Voice=Act	_	_	_	@bsb1954m-words#@bsb1954m#33.412#33.827
37	про	про	ADP	_	_	_	_	_	@bsb1954m-words#@bsb1954m#33.827#34.242
38	синус	синус	NOUN	_	Animacy=Inan|Case=Acc|Gender=Masc|Number=Sing	_	_	_	@bsb1954m-words#@bsb1954m#34.242#34.657
39	тридцати	тридцать	NUM	_	Case=Gen	_	_	_	@bsb1954m-words#@bsb1954m#34.657#35.072
40	градусов	градус	NOUN	_	Animacy=Inan|Case=Gen|Gender=Masc|Number=Plur	_	_	_	@bsb1954m-words#@bsb1954m#35.072#35.487
41	/	/	PUNCT	_	_	_	_	_	@bsb1954m-words#@bsb1954m#35.487#35.902
42	про	про	ADP	_	_	_	_	_	@bsb1954m-words#@bsb1954m#35.902#36.317
43	всякие	всякий	DET	_	Case=Acc|Number=Plur	_	_	_	@bsb1954m-words#@bsb1954m#36.317#36.732
44	там	там	ADV	_	Degree=Pos	_	_	_	@bsb1954m-words#@bsb1954m#36.732#37.147
45	законы	закон	NOUN	_	Animacy=Inan|Case=Nom|Gender=Masc|Number=Plur	_	_	_	@bsb1954m-words#@bsb1954m#37.147#37.562
46	Ньютона	Ньютон	PROPN	_	Animacy=Anim|Case=Gen|Gender=Masc|Number=Sing	_	_	_	@bsb1954m-words#@bsb1954m#37.562#37.977
47	/	/	PUNCT	_	_	_	_	_	@bsb1954m-words#@bsb1954m#37.977#38.392
48	а	а	CCONJ	_	_	_	_	_	@bsb1954m-words#@bsb1954m#38.392#38.807
49	тут	тут	ADV	_	Degree=Pos	_	_	_	@bsb1954m-words#@bsb1954m#38.807#39.222
50	мне	я	PRON	_	Case=Dat|Number=Sing|Person=1	_	_	_	@bsb1954m-words#@bsb1954m#39.222#39.637
51	говорят	говорить	VERB	_	Aspect=Imp|Mood=Ind|Number=Plur|Person=3|Tense=Pres|VerbForm=Fin|Voice=Act	_	_	_	@bsb1954m-words#@bsb1954m#39.637#40.052
52	это	этот	PRON	_	Animacy=Inan|Case=Acc|Gender=Neut|Number=Sing	_	_	_	@bsb1954m-words#@bsb1954m#40.052#40.467
53	способ	способ	NOUN	_	Animacy=Inan|Case=Acc|Gender=Masc|Number=Sing	_	_	_	@bsb1954m-words#@bsb1954m#40.467#40.882
54	зомбирования	зомбирование	NOUN	_	Animacy=Inan|Case=Gen|Gender=Neut|Number=Sing	_	_	_	@bsb1954m-words#@bsb1954m#40.882#41.297
55	землян	землянин	NOUN	_	Animacy=Anim|Case=Gen|Gender=Masc|Number=Plur	_	_	_	@bsb1954m-words#@bsb1954m#41.297#41.712
56	это	это	PRON	_	Animacy=Inan|Case=Nom|Gender=Neut|Number=Sing	_	_	_	@bsb1954m-words#@bsb1954m#41.712#42.127
57	очень	очень	ADV	_	Degree=Pos	_	_	_	@bsb1954m-words#@bsb1954m#42.127#42.542
58	даже	даже	PART	_	_	_	_	_	@bsb1954m-words#@bsb1954m#42.542#42.957
59	сильно	сильно	ADV	_	Degree=Pos	_	_	_	@bsb1954m-words#@bsb1954m#42.957#43.372
60	бросает	бросать	VERB	_	Aspect=Imp|Mood=Ind|Number=Sing|Person=3|Tense=Pres|VerbForm=Fin|Voice=Act	_	_	_	@bsb1954m-words#@bsb1954m#43.372#43.787
61	так	так	ADV	_	Degree=Pos	_	_	_	@bsb1954m-words#@bsb1954m#43.787#44.202
62	сказать	сказать	VERB	_	Aspect=Perf|VerbForm=Inf|Voice=Act	_	_	_	@bsb1954m-words#@bsb1954m#44.202#44.617
63	/	/	PUNCT	_	_	_	_	_	@bsb1954m-words#@bsb1954m#44.617#45.032
64	ну	ну	PART	_	_	_	_	_	@bsb1954m-words#@bsb1954m#45.032#45.447
65	ммм	мм	ADJ	_	Animacy=Inan|Case=Acc|Degree=Pos|Gender=Masc|Number=Sing	_	_	_	@bsb1954m-words#@bsb1954m#45.447#45.862
66	нехороший	нехороший	ADJ	_	Animacy=Inan|Case=Acc|Degree=Pos|Gender=Masc|Number=Sing	_	_	_	@bsb1954m-words#@bsb1954m#45.862#46.277
67	свет	свет	NOUN	_	Animacy=Inan|Case=Acc|Gender=Masc|Number=Sing	_	_	_	@bsb1954m-words#@bsb1954m#46.277#46.692
68	на	на	ADP	_	_	_	_	_	@bsb1954m-words#@bsb1954m#46.692#47.107
69	мою	мой	DET	_	Case=Acc|Gender=Fem|Number=Sing	_	_	_	@bsb1954m-words#@bsb1954m#47.107#47.522
70	деятельность	деятельность	NOUN	_	Animacy=Inan|Case=Acc|Gender=Fem|Number=Sing	_	_	_	@bsb1954m-words#@bsb1954m#47.522#47.937
71	да	да	PART	_	_	_	_	_	@bsb1954m-words#@bsb1954m#47.937#48.412
72	так	так	ADV	_	Degree=Pos	_	_	_	@bsb1954m-words#@bsb1954m#53.701#53.963
73	угу	уга	NOUN	_	Animacy=Anim|Case=Acc|Gender=Fem|Number=Sing	_	_	_	@bsb1954m-words#@bsb1954m#58.659#58.737
74	так	так	ADV	_	Degree=Pos	_	_	_	@bsb1954m-words#@bsb1954m#66.368#66.615
75	ну	ну	PART	_	_	_	_	_	@bsb1954m-words#@bsb1954m#80.11#80.418
76	как	как	SCONJ	_	_	_	_	_	@bsb1954m-words#@bsb1954m#80.418#80.726
77	это	это	PRON	_	Animacy=Inan|Case=Nom|Gender=Neut|Number=Sing	_	_	_	@bsb1954m-words#@bsb1954m#80.726#81.034
78	не	не	PART	_	_	_	_	_	@bsb1954m-words#@bsb1954m#81.034#81.342
79	работоспособны	работоспособный	ADJ	_	Degree=Pos|Number=Plur|Variant=Short	_	_	_	@bsb1954m-words#@bsb1954m#81.342#81.65
80	?	?	PUNCT	_	_	_	_	_	@bsb1954m-words#@bsb1954m#81.65#81.958
81	вот	вот	PART	_	_	_	_	_	@bsb1954m-words#@bsb1954m#82.425#82.775
82	вот	вот	PART	_	_	_	_	_	@bsb1954m-words#@bsb1954m#82.775#83.125
83	из	из	ADP	_	_	_	_	_	@bsb1954m-words#@bsb1954m#83.125#83.475
84	уравнения	уравнение	NOUN	_	Animacy=Inan|Case=Gen|Gender=Neut|Number=Sing	_	_	_	@bsb1954m-words#@bsb1954m#83.475#83.825
85	Максвелла	Максвелл	PROPN	_	Animacy=Anim|Case=Gen|Gender=Masc|Number=Sing	_	_	_	@bsb1954m-words#@bsb1954m#83.825#84.175
86	вывели	вывести	VERB	_	Aspect=Perf|Mood=Ind|Number=Plur|Tense=Past|VerbForm=Fin|Voice=Act	_	_	_	@bsb1954m-words#@bsb1954m#84.175#84.525
87	например	например	ADV	_	Degree=Pos	_	_	_	@bsb1954m-words#@bsb1954m#84.525#84.875
88	существование	существование	NOUN	_	Animacy=Inan|Case=Acc|Gender=Neut|Number=Sing	_	_	_	@bsb1954m-words#@bsb1954m#84.875#85.225
89	электромагнитных	электромагнитный	ADJ	_	Case=Gen|Degree=Pos|Number=Plur	_	_	_	@bsb1954m-words#@bsb1954m#85.225#85.575
90	волн	волна	NOUN	_	Animacy=Inan|Case=Gen|Gender=Fem|Number=Plur	_	_	_	@bsb1954m-words#@bsb1954m#85.575#85.925
91	они-таки	они-таки	PART	_	_	_	_	_	@bsb1954m-words#@bsb1954m#85.925#86.275
92	да	да	PART	_	_	_	_	_	@bsb1954m-words#@bsb1954m#86.275#86.625
93	существуют	существовать	VERB	_	Aspect=Imp|Mood=Ind|Number=Plur|Person=3|Tense=Pres|VerbForm=Fin|Voice=Act	_	_	_	@bsb1954m-words#@bsb1954m#86.625#86.975
94	и	и	CCONJ	_	_	_	_	_	@bsb1954m-words#@bsb1954m#86.975#87.325
95	вот	вот	PART	_	_	_	_	_	@bsb1954m-words#@bsb1954m#87.325#87.675
96	/	/	PUNCT	_	_	_	_	_	@bsb1954m-words#@bsb1954m#87.675#88.025
97	если	если	SCONJ	_	_	_	_	_	@bsb1954m-words#@bsb1954m#88.025#88.375
98	нас	мы	PRON	_	Case=Acc|Number=Plur|Person=1	_	_	_	@bsb1954m-words#@bsb1954m#88.375#88.725
99	кто-то	кто-то	PRON	_	Case=Nom	_	_	_	@bsb1954m-words#@bsb1954m#88.725#89.075
100	сейчас	сейчас	ADV	_	Degree=Pos	_	_	_	@bsb1954m-words#@bsb1954m#89.075#89.425
101	смотрит	смотреть	VERB	_	Aspect=Imp|Mood=Ind|Number=Sing|Person=3|Tense=Pres|VerbForm=Fin|Voice=Act	_	_	_	@bsb1954m-words#@bsb1954m#89.425#89.775
102	на	на	ADP	_	_	_	_	_	@bsb1954m-words#@bsb1954m#89.775#90.125
103	расстоянии	расстояние	NOUN	_	Animacy=Inan|Case=Loc|Gender=Neut|Number=Sing	_	_	_	@bsb1954m-words#@bsb1954m#90.125#90.475
104	так	так	ADV	_	Degree=Pos	_	_	_	@bsb1954m-words#@bsb1954m#90.475#90.825
105	они	они	PRON	_	Case=Nom|Number=Plur|Person=3	_	_	_	@bsb1954m-words#@bsb1954m#90.825#91.175
106	вот	вот	PART	_	_	_	_	_	@bsb1954m-words#@bsb1954m#91.175#91.525
107	по	по	ADP	_	_	_	_	_	@bsb1954m-words#@bsb1954m#91.525#91.875
108	электромагнитным	электромагнитный	ADJ	_	Case=Dat|Degree=Pos|Number=Plur	_	_	_	@bsb1954m-words#@bsb1954m#91.875#92.225
109	волнам	волна	NOUN	_	Animacy=Inan|Case=Dat|Gender=Masc|Number=Plur	_	_	_	@bsb1954m-words#@bsb1954m#92.225#92.575
110	к	к	ADP	_	_	_	_	_	@bsb1954m-words#@bsb1954m#92.575#92.925
111	ним	они	PRON	_	Case=Dat|Number=Plur|Person=3	_	_	_	@bsb1954m-words#@bsb1954m#92.925#93.275
112	э	эра	INTJ	_	_	_	_	_	@bsb1954m-words#@bsb1954m#93.873#94.176
113	наши	наш	DET	_	Case=Acc|Number=Plur	_	_	_	@bsb1954m-words#@bsb1954m#94.176#94.479
114	звуки	звук	NOUN	_	Animacy=Inan|Case=Acc|Gender=Masc|Number=Plur	_	_	_	@bsb1954m-words#@bsb1954m#94.479#94.782
115	наших	наш	DET	_	Case=Gen|Number=Plur	_	_	_	@bsb1954m-words#@bsb1954m#94.782#95.085
116	голосов	голос	NOUN	_	Animacy=Inan|Case=Gen|Gender=Masc|Number=Plur	_	_	_	@bsb1954m-words#@bsb1954m#95.085#95.388
117	и	и	CCONJ	_	_	_	_	_	@bsb1954m-words#@bsb1954m#95.388#95.691
118	фью	фь	NOUN	_	Animacy=Inan|Case=Ins|Gender=Fem|Number=Sing	_	_	_	@bsb1954m-words#@bsb1954m#95.691#95.994
119	изображение	изображение	NOUN	_	Animacy=Inan|Case=Acc|Gender=Neut|Number=Sing	_	_	_	@bsb1954m-words#@bsb1954m#95.994#96.297
120	дошли	дойти	VERB	_	Aspect=Perf|Mood=Ind|Number=Plur|Tense=Past|VerbForm=Fin|Voice=Act	_	_	_	@bsb1954m-words#@bsb1954m#96.297#96.6
121	а	а	CCONJ	_	_	_	_	_	@bsb1954m-words#@bsb1954m#96.6#96.903
122	как	как	ADV	_	Degree=Pos	_	_	_	@bsb1954m-words#@bsb1954m#96.903#97.206
123	нет	нет	PART	_	_	_	_	_	@bsb1954m-words#@bsb1954m#97.206#97.509
124	нет	нет	PART	_	_	_	_	_	@bsb1954m-words#@bsb1954m#97.509#97.812
125	?	?	PUNCT	_	_	_	_	_	@bsb1954m-words#@bsb1954m#97.812#98.121
126	не	не	PART	_	_	_	_	_	@bsb1954m-words#@bsb1954m#99.203#99.27
127	как	как	SCONJ	_	_	_	_	_	@bsb1954m-words#@bsb1954m#99.27#99.337
128	нет	нет	PART	_	_	_	_	_	@bsb1954m-words#@bsb1954m#99.337#99.404
129	?	?	PUNCT	_	_	_	_	_	@bsb1954m-words#@bsb1954m#99.404#99.474
130	давайте	давать	VERB	_	Aspect=Imp|Mood=Imp|Number=Plur|Person=2|VerbForm=Fin|Voice=Act	_	_	_	@bsb1954m-words#@bsb1954m#102.868#103.204
131	дадим	дать	NOUN	_	Animacy=Anim|Case=Nom|Gender=Masc|Number=Sing	_	_	_	@bsb1954m-words#@bsb1954m#103.204#103.541
132	нет	нет	VERB	_	Aspect=Imp|Mood=Ind|Number=Sing|Person=3|Tense=Pres|VerbForm=Fin|Voice=Act	_	_	_	@bsb1954m-words#@bsb1954m#116.61#116.866
133	ну	ну	PART	_	_	_	_	_	@bsb1954m-words#@bsb1954m#116.866#117.122
134	в...	в...	PROPN	_	Animacy=Anim|Case=Ins|Gender=Fem|Number=Sing	_	_	_	@bsb1954m-words#@bsb1954m#117.122#117.378
135	не	не	PART	_	_	_	_	_	@bsb1954m-words#@bsb1954m#117.378#117.634
136	всякая	всякий	DET	_	Case=Nom|Gender=Fem|Number=Sing	_	_	_	@bsb1954m-words#@bsb1954m#117.634#117.89
137	волна	волна	NOUN	_	Animacy=Inan|Case=Nom|Gender=Fem|Number=Sing	_	_	_	@bsb1954m-words#@bsb1954m#117.89#118.146
138	имеет	иметь	VERB	_	Aspect=Imp|Mood=Ind|Number=Sing|Person=3|Tense=Pres|VerbForm=Fin|Voice=Act	_	_	_	@bsb1954m-words#@bsb1954m#118.146#118.402
139	форму	форма	NOUN	_	Animacy=Inan|Case=Acc|Gender=Fem|Number=Sing	_	_	_	@bsb1954m-words#@bsb1954m#118.402#118.658
140	сферы	сфера	NOUN	_	Animacy=Inan|Case=Gen|Gender=Fem|Number=Sing	_	_	_	@bsb1954m-words#@bsb1954m#118.658#118.914
141	есть	быть	AUX	_	Aspect=Imp|Mood=Ind|Number=Sing|Person=3|Tense=Pres|VerbForm=Fin|Voice=Act	_	_	_	@bsb1954m-words#@bsb1954m#118.914#119.17
142	плоская	плоский	ADJ	_	Case=Nom|Degree=Pos|Gender=Fem|Number=Sing	_	_	_	@bsb1954m-words#@bsb1954m#119.17#119.435
143	у	у	ADP	_	_	_	_	_	@bsb1954m-words#@bsb1954m#125.177#125.527
144	радиолокатора	радиолокатор	NOUN	_	Animacy=Inan|Case=Gen|Gender=Masc|Number=Sing	_	_	_	@bsb1954m-words#@bsb1954m#125.527#125.877
145	у	у	ADP	_	_	_	_	_	@bsb1954m-words#@bsb1954m#125.877#126.227
146	него	он	PRON	_	Case=Gen|Gender=Masc|Number=Sing|Person=3	_	_	_	@bsb1954m-words#@bsb1954m#126.227#126.577
147	так	так	ADV	_	Degree=Pos	_	_	_	@bsb1954m-words#@bsb1954m#126.577#126.927
148	#нрзб#	#нрзб#	NOUN	_	Animacy=Inan|Case=Gen|Gender=Fem|Number=Sing	_	_	_	@bsb1954m-words#@bsb1954m#126.927#127.278
149	ну	ну	PART	_	_	_	_	_	@bsb1954m-words#@bsb1954m#130.768#131.04
150	какие	какой	DET	_	Case=Nom|Number=Plur	_	_	_	@bsb1954m-words#@bsb1954m#131.04#131.312
151	ж	же	PART	_	_	_	_	_	@bsb1954m-words#@bsb1954m#131.312#131.584
152	там	там	ADV	_	Degree=Pos	_	_	_	@bsb1954m-words#@bsb1954m#131.584#131.856
153	шары	шар	NOUN	_	Animacy=Inan|Case=Acc|Gender=Masc|Number=Plur	_	_	_	@bsb1954m-words#@bsb1954m#131.856#132.128
154	диаграммы	диаграмма	NOUN	_	Animacy=Inan|Case=Gen|Gender=Fem|Number=Sing	_	_	_	@bsb1954m-words#@bsb1954m#132.128#132.4
155	направленности	направленность	NOUN	_	Animacy=Inan|Case=Gen|Gender=Fem|Number=Sing	_	_	_	@bsb1954m-words#@bsb1954m#132.4#132.672
156	боковые	боковой	ADJ	_	Case=Nom|Degree=Pos|Number=Plur	_	_	_	@bsb1954m-words#@bsb1954m#133.628#133.952
157	лепестки	лепесток	NOUN	_	Animacy=Inan|Case=Nom|Gender=Masc|Number=Plur	_	_	_	@bsb1954m-words#@bsb1954m#133.952#134.276
158	/	/	PUNCT	_	_	_	_	_	@bsb1954m-words#@bsb1954m#134.276#134.6
159	эт	эть	NOUN	_	Animacy=Inan|Case=Dat|Gender=Masc|Number=Sing	_	_	_	@bsb1954m-words#@bsb1954m#134.6#134.924
160	не	не	PART	_	_	_	_	_	@bsb1954m-words#@bsb1954m#134.924#135.248
161	шары	шар	NOUN	_	Animacy=Inan|Case=Acc|Gender=Masc|Number=Plur	_	_	_	@bsb1954m-words#@bsb1954m#135.248#135.577
162	нет	нет	VERB	_	Aspect=Imp|Mood=Ind|Number=Sing|Person=3|Tense=Pres|VerbForm=Fin|Voice=Act	_	_	_	@bsb1954m-words#@bsb1954m#139.966#140.222
163	д...	д...	PROPN	_	Animacy=Anim|Case=Ins|Gender=Fem|Number=Sing	_	_	_	@bsb1954m-words#@bsb1954m#140.222#140.478
164	д...	д...	PROPN	_	Animacy=Anim|Case=Ins|Gender=Fem|Number=Sing	_	_	_	@bsb1954m-words#@bsb1954m#140.478#140.734
165	да	да	CCONJ	_	_	_	_	_	@bsb1954m-words#@bsb1954m#140.734#140.99
166	кон...	кон...	PROPN	_	Animacy=Anim|Case=Ins|Gender=Fem|Number=Sing	_	_	_	@bsb1954m-words#@bsb1954m#140.99#141.246
167	кон...	кон...	PROPN	_	Animacy=Anim|Case=Ins|Gender=Fem|Number=Sing	_	_	_	@bsb1954m-words#@bsb1954m#141.246#141.502
168	конструкция	конструкция	NOUN	_	Animacy=Inan|Case=Nom|Gender=Fem|Number=Sing	_	_	_	@bsb1954m-words#@bsb1954m#141.502#141.758
169	это	это	PRON	_	Animacy=Inan|Case=Nom|Gender=Neut|Number=Sing	_	_	_	@bsb1954m-words#@bsb1954m#141.758#142.014
170	как	как	SCONJ	_	_	_	_	_	@bsb1954m-words#@bsb1954m#142.014#142.27
171	раз	раз	NOUN	_	Animacy=Inan|Case=Acc|Gender=Masc|Number=Sing	_	_	_	@bsb1954m-words#@bsb1954m#142.27#142.526
172	излучаемого	излучать	ADJ	_	Case=Gen|Degree=Pos|Gender=Neut|Number=Sing	_	_	_	@bsb1954m-words#@bsb1954m#142.526#142.782
173	поля	поле	NOUN	_	Animacy=Inan|Case=Gen|Gender=Neut|Number=Sing	_	_	_	@bsb1954m-words#@bsb1954m#142.782#143.038
174	она	она	PRON	_	Case=Nom|Gender=Fem|Number=Sing|Person=3	_	_	_	@bsb1954m-words#@bsb1954m#144.391#144.73
175	не	не	PART	_	_	_	_	_	@bsb1954m-words#@bsb1954m#144.73#145.069
176	обязательно	обязательно	ADV	_	Degree=Pos	_	_	_	@bsb1954m-words#@bsb1954m#145.069#145.408
177	даже	даже	PART	_	_	_	_	_	@bsb1954m-words#@bsb1954m#145.408#145.747
178	сферическая	сферический	ADJ	_	Case=Nom|Degree=Pos|Gender=Fem|Number=Sing	_	_	_	@bsb1954m-words#@bsb1954m#145.747#146.086
179	/	/	PUNCT	_	_	_	_	_	@bsb1954m-words#@bsb1954m#146.086#146.425
180	тем	то	PRON	_	Animacy=Inan|Case=Ins|Gender=Neut|Number=Sing	_	_	_	@bsb1954m-words#@bsb1954m#146.425#146.764
181	более	более	ADV	_	Degree=Cmp	_	_	_	@bsb1954m-words#@bsb1954m#146.764#147.103
182	шарообразная	шарообразный	ADJ	_	Case=Nom|Degree=Pos|Gender=Fem|Number=Sing	_	_	_	@bsb1954m-words#@bsb1954m#147.103#147.443
183	а	а	CCONJ	_	_	_	_	_	@bsb1954m-words#@bsb1954m#155.435#155.744
184	кому	кто	PRON	_	Case=Dat	_	_	_	@bsb1954m-words#@bsb1954m#155.744#156.053
185	все-таки	все-таки	PART	_	_	_	_	_	@bsb1954m-words#@bsb1954m#156.053#156.362
186	это	это	PRON	_	Animacy=Inan|Case=Nom|Gender=Neut|Number=Sing	_	_	_	@bsb1954m-words#@bsb1954m#156.362#156.671
187	нужно-то	нужно-то	ADV	_	Degree=Pos	_	_	_	@bsb1954m-words#@bsb1954m#156.671#156.98
188	?	?	PUNCT	_	_	_	_	_	@bsb1954m-words#@bsb1954m#156.98#157.289
189	т...	т...	PROPN	_	Animacy=Anim|Case=Dat|Gender=Fem|Number=Sing	_	_	_	@bsb1954m-words#@bsb1954m#157.289#157.598
190	т...	т...	PROPN	_	Animacy=Anim|Case=Dat|Gender=Fem|Number=Sing	_	_	_	@bsb1954m-words#@bsb1954m#157.598#157.907
191	это	это	PRON	_	Animacy=Inan|Case=Nom|Gender=Neut|Number=Sing	_	_	_	@bsb1954m-words#@bsb1954m#157.907#158.216
192	что	что	PRON	_	Case=Nom	_	_	_	@bsb1954m-words#@bsb1954m#158.216#158.525
193	просто	просто	PART	_	_	_	_	_	@bsb1954m-words#@bsb1954m#158.525#158.834
194	вот	вот	PART	_	_	_	_	_	@bsb1954m-words#@bsb1954m#158.834#159.143
195	ам	о	NOUN	_	Animacy=Anim|Case=Dat|Gender=Masc|Number=Plur	_	_	_	@bsb1954m-words#@bsb1954m#159.143#159.452
196	/	/	PUNCT	_	_	_	_	_	@bsb1954m-words#@bsb1954m#159.452#159.761
197	ну	ну	PART	_	_	_	_	_	@bsb1954m-words#@bsb1954m#159.761#160.07
198	может	мочь	VERB	_	Aspect=Imp|Mood=Ind|Number=Sing|Person=3|Tense=Pres|VerbForm=Fin|Voice=Act	_	_	_	@bsb1954m-words#@bsb1954m#160.07#160.379
199	быть	быть	AUX	_	Aspect=Imp|VerbForm=Inf|Voice=Act	_	_	_	@bsb1954m-words#@bsb1954m#160.379#160.688
200	вы	вы	PRON	_	Case=Nom|Number=Plur|Person=2	_	_	_	@bsb1954m-words#@bsb1954m#160.688#160.997
201	констатируете	констатировать	VERB	_	Aspect=Imp|Mood=Ind|Number=Plur|Person=2|Tense=Pres|VerbForm=Fin|Voice=Act	_	_	_	@bsb1954m-words#@bsb1954m#160.997#161.306
202	/	/	PUNCT	_	_	_	_	_	@bsb1954m-words#@bsb1954m#161.306#161.615
203	в	в	ADP	_	_	_	_	_	@bsb1954m-words#@bsb1954m#161.615#161.924
204	общем	общий	ADJ	_	Case=Loc|Degree=Pos|Gender=Neut|Number=Sing	_	_	_	@bsb1954m-words#@bsb1954m#161.924#162.233
205	понятные	понятный	ADJ	_	Animacy=Inan|Case=Acc|Degree=Pos|Number=Plur	_	_	_	@bsb1954m-words#@bsb1954m#162.233#162.542
206	нам	мы	PRON	_	Case=Dat|Number=Plur|Person=1	_	_	_	@bsb1954m-words#@bsb1954m#162.542#162.851
207	факт	факт	NOUN	_	Animacy=Inan|Case=Nom|Gender=Masc|Number=Sing	_	_	_	@bsb1954m-words#@bsb1954m#162.851#163.16
208	о	о	ADP	_	_	_	_	_	@bsb1954m-words#@bsb1954m#163.16#163.469
209	том	то	PRON	_	Animacy=Inan|Case=Loc|Gender=Neut|Number=Sing	_	_	_	@bsb1954m-words#@bsb1954m#163.469#163.778
210	что	что	SCONJ	_	_	_	_	_	@bsb1954m-words#@bsb1954m#163.778#164.087
211	наука	наука	NOUN	_	Animacy=Inan|Case=Nom|Gender=Fem|Number=Sing	_	_	_	@bsb1954m-words#@bsb1954m#164.087#164.396
212	это	это	PRON	_	Animacy=Inan|Case=Nom|Gender=Neut|Number=Sing	_	_	_	@bsb1954m-words#@bsb1954m#164.396#164.705
213	в	в	ADP	_	_	_	_	_	@bsb1954m-words#@bsb1954m#164.705#165.014
214	общем-то	общей-то	DET	_	Case=Loc|Gender=Masc|Number=Sing	_	_	_	@bsb1954m-words#@bsb1954m#165.014#165.323
215	говоря	говорить	VERB	_	Aspect=Imp|Tense=Pres|VerbForm=Conv|Voice=Act	_	_	_	@bsb1954m-words#@bsb1954m#165.323#165.632
216	вид	вид	NOUN	_	Animacy=Inan|Case=Acc|Gender=Masc|Number=Sing	_	_	_	@bsb1954m-words#@bsb1954m#165.632#165.941
217	деятельности	деятельность	NOUN	_	Animacy=Inan|Case=Gen|Gender=Fem|Number=Sing	_	_	_	@bsb1954m-words#@bsb1954m#165.941#166.25
218	людей	человек	NOUN	_	Animacy=Anim|Case=Gen|Gender=Masc|Number=Plur	_	_	_	@bsb1954m-words#@bsb1954m#166.25#166.559
219	и	и	CCONJ	_	_	_	_	_	@bsb1954m-words#@bsb1954m#166.559#166.868
220	/	/	PUNCT	_	_	_	_	_	@bsb1954m-words#@bsb1954m#166.868#167.177
221	одно	один	DET	_	Case=Nom|Degree=Pos|Gender=Neut|Number=Sing	_	_	_	@bsb1954m-words#@bsb1954m#167.177#167.486
222	дело	дело	NOUN	_	Animacy=Inan|Case=Nom|Gender=Neut|Number=Sing	_	_	_	@bsb1954m-words#@bsb1954m#167.486#167.795
223	наука	наука	NOUN	_	Animacy=Inan|Case=Nom|Gender=Fem|Number=Sing	_	_	_	@bsb1954m-words#@bsb1954m#167.795#168.104
224	как	как	SCONJ	_	_	_	_	_	@bsb1954m-words#@bsb1954m#168.104#168.413
225	мы	мы	PRON	_	Case=Nom|Number=Plur|Person=1	_	_	_	@bsb1954m-words#@bsb1954m#168.413#168.722
226	представляем	представлять	VERB	_	Aspect=Imp|Mood=Ind|Number=Plur|Person=1|Tense=Pres|VerbForm=Fin|Voice=Act	_	_	_	@bsb1954m-words#@bsb1954m#168.722#169.031
227	себе	себя	PRON	_	Case=Dat	_	_	_	@bsb1954m-words#@bsb1954m#169.031#169.34
228	мир	мир	NOUN	_	Animacy=Inan|Case=Acc|Gender=Masc|Number=Sing	_	_	_	@bsb1954m-words#@bsb1954m#169.34#169.649
229	да	да	PART	_	_	_	_	_	@bsb1954m-words#@bsb1954m#169.649#169.958
230	/	/	PUNCT	_	_	_	_	_	@bsb1954m-words#@bsb1954m#169.958#170.267
231	ну	ну	PART	_	_	_	_	_	@bsb1954m-words#@bsb1954m#170.267#170.576
232	так	так	ADV	_	Degree=Pos	_	_	_	@bsb1954m-words#@bsb1954m#170.576#170.885
233	же	же	PART	_	_	_	_	_	@bsb1954m-words#@bsb1954m#170.885#171.194
234	как	как	SCONJ	_	_	_	_	_	@bsb1954m-words#@bsb1954m#171.194#171.503
235	вот	вот	PART	_	_	_	_	_	@bsb1954m-words#@bsb1954m#171.503#171.812
236	искусство	искусство	NOUN	_	Animacy=Inan|Case=Nom|Gender=Neut|Number=Sing	_	_	_	@bsb1954m-words#@bsb1954m#171.812#172.121
237	это	это	DET	_	Case=Nom|Gender=Neut|Number=Sing	_	_	_	@bsb1954m-words#@bsb1954m#172.121#172.43
238	/	/	PUNCT	_	_	_	_	_	@bsb1954m-words#@bsb1954m#172.43#172.739
239	отражение	отражение	NOUN	_	Animacy=Inan|Case=Nom|Gender=Neut|Number=Sing	_	_	_	@bsb1954m-words#@bsb1954m#172.739#173.048
240	действительности	действительность	NOUN	_	Animacy=Inan|Case=Gen|Gender=Fem|Number=Sing	_	_	_	@bsb1954m-words#@bsb1954m#173.048#173.384
241	да	да	CCONJ	_	_	_	_	_	@bsb1954m-words#@bsb1954m#173.798#174.065
242	отражение	отражение	NOUN	_	Animacy=Inan|Case=Nom|Gender=Neut|Number=Sing	_	_	_	@bsb1954m-words#@bsb1954m#174.065#174.332
243	/	/	PUNCT	_	_	_	_	_	@bsb1954m-words#@bsb1954m#174.332#174.599
244	оно	оно	PRON	_	Case=Nom|Gender=Neut|Number=Sing|Person=3	_	_	_	@bsb1954m-words#@bsb1954m#174.599#174.866
245	естественно	естественный	ADJ	_	Degree=Pos|Gender=Neut|Number=Sing|Variant=Short	_	_	_	@bsb1954m-words#@bsb1954m#174.866#175.133
246	зеркало	зеркало	NOUN	_	Animacy=Inan|Case=Nom|Gender=Neut|Number=Sing	_	_	_	@bsb1954m-words#@bsb1954m#175.133#175.4
247	оно	оно	PRON	_	Case=Nom|Gender=Neut|Number=Sing|Person=3	_	_	_	@bsb1954m-words#@bsb1954m#175.4#175.667
248	ну	ну	PART	_	_	_	_	_	@bsb1954m-words#@bsb1954m#175.667#175.934
249	/	/	PUNCT	_	_	_	_	_	@bsb1954m-words#@bsb1954m#175.934#176.201
250	неправильное	неправильный	ADJ	_	Case=Acc|Degree=Pos|Gender=Neut|Number=Sing	_	_	_	@bsb1954m-words#@bsb1954m#176.201#176.468
251	и	и	CCONJ	_	_	_	_	_	@bsb1954m-words#@bsb1954m#176.468#176.735
252	неидеальное	неидеальный	ADJ	_	Case=Acc|Degree=Pos|Gender=Neut|Number=Sing	_	_	_	@bsb1954m-words#@bsb1954m#176.735#177.002
253	иначе	иначе	ADV	_	Degree=Pos	_	_	_	@bsb1954m-words#@bsb1954m#177.002#177.269
254	это	это	PRON	_	Animacy=Inan|Case=Nom|Gender=Neut|Number=Sing	_	_	_	@bsb1954m-words#@bsb1954m#177.269#177.536
255	было	быть	AUX	_	Aspect=Imp|Gender=Neut|Mood=Ind|Number=Sing|Tense=Past|VerbForm=Fin|Voice=Act	_	_	_	@bsb1954m-words#@bsb1954m#177.536#177.803
256	бы	бы	AUX	_	_	_	_	_	@bsb1954m-words#@bsb1954m#177.803#178.07
257	не	не	PART	_	_	_	_	_	@bsb1954m-words#@bsb1954m#178.07#178.337
258	искусство	искусство	NOUN	_	Animacy=Inan|Case=Nom|Gender=Neut|Number=Sing	_	_	_	@bsb1954m-words#@bsb1954m#178.337#178.604
259	это	это	PRON	_	Animacy=Inan|Case=Nom|Gender=Neut|Number=Sing	_	_	_	@bsb1954m-words#@bsb1954m#178.604#178.871
260	было	быть	AUX	_	Aspect=Imp|Gender=Neut|Mood=Ind|Number=Sing|Tense=Past|VerbForm=Fin|Voice=Act	_	_	_	@bsb1954m-words#@bsb1954m#178.871#179.138
261	бы	бы	AUX	_	_	_	_	_	@bsb1954m-words#@bsb1954m#179.138#179.405
262	скучно	скучный	ADJ	_	Degree=Pos|Gender=Neut|Number=Sing|Variant=Short	_	_	_	@bsb1954m-words#@bsb1954m#179.405#179.672
263	/	/	PUNCT	_	_	_	_	_	@bsb1954m-words#@bsb1954m#179.672#179.939
264	так	так	ADV	_	Degree=Pos	_	_	_	@bsb1954m-words#@bsb1954m#179.939#180.206
265	и	и	PART	_	_	_	_	_	@bsb1954m-words#@bsb1954m#180.206#180.473
266	наука	наука	NOUN	_	Animacy=Inan|Case=Nom|Gender=Fem|Number=Sing	_	_	_	@bsb1954m-words#@bsb1954m#180.473#180.74
267	ну	ну	PART	_	_	_	_	_	@bsb1954m-words#@bsb1954m#180.74#181.007
268	вот	вот	PART	_	_	_	_	_	@bsb1954m-words#@bsb1954m#181.007#181.274
269	как	как	ADV	_	Degree=Pos	_	_	_	@bsb1954m-words#@bsb1954m#181.274#181.541
270	/	/	PUNCT	_	_	_	_	_	@bsb1954m-words#@bsb1954m#181.541#181.808
271	шо	шо	ADV	_	Degree=Pos	_	_	_	@bsb1954m-words#@bsb1954m#181.808#182.075
272	такое	такой	DET	_	Case=Nom|Gender=Neut|Number=Sing	_	_	_	@bsb1954m-words#@bsb1954m#182.075#182.342
273	волновая	волновой	ADJ	_	Case=Nom|Degree=Pos|Gender=Fem|Number=Sing	_	_	_	@bsb1954m-words#@bsb1954m#182.342#182.609
274	функция	функция	NOUN	_	Animacy=Inan|Case=Nom|Gender=Fem|Number=Sing	_	_	_	@bsb1954m-words#@bsb1954m#182.609#182.876
275	вот	вот	PART	_	_	_	_	_	@bsb1954m-words#@bsb1954m#182.876#183.143
276	в	в	ADP	_	_	_	_	_	@bsb1954m-words#@bsb1954m#183.143#183.41
277	в	в	ADP	_	_	_	_	_	@bsb1954m-words#@bsb1954m#183.41#183.677
278	квантовой	квантовый	ADJ	_	Case=Loc|Degree=Pos|Gender=Fem|Number=Sing	_	_	_	@bsb1954m-words#@bsb1954m#183.677#183.944
279	механике	механика	NOUN	_	Animacy=Inan|Case=Loc|Gender=Fem|Number=Sing	_	_	_	@bsb1954m-words#@bsb1954m#183.944#184.211
280	ну	ну	PART	_	_	_	_	_	@bsb1954m-words#@bsb1954m#184.211#184.478
281	это	это	PRON	_	Animacy=Inan|Case=Nom|Gender=Neut|Number=Sing	_	_	_	@bsb1954m-words#@bsb1954m#184.478#184.745
282	ну	ну	PART	_	_	_	_	_	@bsb1954m-words#@bsb1954m#184.745#185.012
283	в	в	ADP	_	_	_	_	_	@bsb1954m-words#@bsb1954m#185.012#185.279
284	общем	общий	ADJ	_	Case=Loc|Degree=Pos|Gender=Neut|Number=Sing	_	_	_	@bsb1954m-words#@bsb1954m#185.279#185.546
285	наше	наш	DET	_	Case=Acc|Gender=Neut|Number=Sing	_	_	_	@bsb1954m-words#@bsb1954m#185.546#185.813
286	изобретение	изобретение	NOUN	_	Animacy=Inan|Case=Acc|Gender=Neut|Number=Sing	_	_	_	@bsb1954m-words#@bsb1954m#185.813#186.08
287	но	но	CCONJ	_	_	_	_	_	@bsb1954m-words#@bsb1954m#186.08#186.347
288	/	/	PUNCT	_	_	_	_	_	@bsb1954m-words#@bsb1954m#186.347#186.614
289	но	но	CCONJ	_	_	_	_	_	@bsb1954m-words#@bsb1954m#186.614#186.881
290	шо-то	шо-то	PRON	_	Case=Nom	_	_	_	@bsb1954m-words#@bsb1954m#186.881#187.148
291	ведь	ведь	PART	_	_	_	_	_	@bsb1954m-words#@bsb1954m#187.148#187.415
292	описывает	описывать	VERB	_	Aspect=Imp|Mood=Ind|Number=Sing|Person=3|Tense=Pres|VerbForm=Fin|Voice=Act	_	_	_	@bsb1954m-words#@bsb1954m#187.415#187.682
293	шо-то	шо-то	ADV	_	Degree=Pos	_	_	_	@bsb1954m-words#@bsb1954m#187.682#187.949
294	ведь	ведь	PART	_	_	_	_	_	@bsb1954m-words#@bsb1954m#187.949#188.216
295	предсказывает	предсказывать	VERB	_	Aspect=Imp|Mood=Ind|Number=Sing|Person=3|Tense=Pres|VerbForm=Fin|Voice=Act	_	_	_	@bsb1954m-words#@bsb1954m#188.216#188.483
296	ведь	ведь	PART	_	_	_	_	_	@bsb1954m-words#@bsb1954m#188.483#188.75
297	правда	правда	NOUN	_	Animacy=Inan|Case=Nom|Gender=Fem|Number=Sing	_	_	_	@bsb1954m-words#@bsb1954m#188.75#189.017
298	ведь	ведь	PART	_	_	_	_	_	@bsb1954m-words#@bsb1954m#189.017#189.284
299	?	?	PUNCT	_	_	_	_	_	@bsb1954m-words#@bsb1954m#189.284#189.579
300	ну	ну	PART	_	_	_	_	_	@bsb1954m-words#@bsb1954m#195.664#195.902
301	то	то	PRON	_	Animacy=Inan|Case=Nom|Gender=Neut|Number=Sing	_	_	_	@bsb1954m-words#@bsb1954m#195.902#196.14
302	что	что	SCONJ	_	_	_	_	_	@bsb1954m-words#@bsb1954m#196.14#196.378
303	мы	мы	PRON	_	Case=Nom|Number=Plur|Person=1	_	_	_	@bsb1954m-words#@bsb1954m#196.378#196.616
304	от	от	ADP	_	_	_	_	_	@bsb1954m-words#@bsb1954m#196.616#196.854
305	природы	природа	NOUN	_	Animacy=Inan|Case=Gen|Gender=Fem|Number=Sing	_	_	_	@bsb1954m-words#@bsb1954m#196.854#197.092
306	получаем-то	получаем-ть	DET	_	Case=Loc|Gender=Neut|Number=Sing	_	_	_	@bsb1954m-words#@bsb1954m#197.092#197.33
307	мы	мы	PRON	_	Case=Nom|Number=Plur|Person=1	_	_	_	@bsb1954m-words#@bsb1954m#197.33#197.568
308	это	это	PRON	_	Animacy=Inan|Case=Acc|Gender=Neut|Number=Sing	_	_	_	@bsb1954m-words#@bsb1954m#197.568#197.806
309	видим	видеть	VERB	_	Aspect=Imp|Mood=Ind|Number=Plur|Person=1|Tense=Pres|VerbForm=Fin|Voice=Act	_	_	_	@bsb1954m-words#@bsb1954m#197.806#198.044
310	/	/	PUNCT	_	_	_	_	_	@bsb1954m-words#@bsb1954m#198.044#198.282
311	то	то	SCONJ	_	_	_	_	_	@bsb1954m-words#@bsb1954m#198.282#198.52
312	так	так	ADV	_	Degree=Pos	_	_	_	@bsb1954m-words#@bsb1954m#198.52#198.758
313	#одновременно#	#одновременно#	NOUN	_	Animacy=Inan|Case=Gen|Gender=Fem|Number=Sing	_	_	_	@bsb1954m-words#@bsb1954m#198.758#199.0
314	предсказали	предсказать	VERB	_	Aspect=Perf|Mood=Ind|Number=Plur|Tense=Past|VerbForm=Fin|Voice=Act	_	_	_	@bsb1954m-words#@bsb1954m#199.744#200.167
315	период	период	NOUN	_	Animacy=Inan|Case=Acc|Gender=Masc|Number=Sing	_	_	_	@bsb1954m-words#@bsb1954m#200.167#200.59
316	полураспада	полураспад	NOUN	_	Animacy=Inan|Case=Gen|Gender=Masc|Number=Sing	_	_	_	@bsb1954m-words#@bsb1954m#200.59#201.013
317	и	и	CCONJ	_	_	_	_	_	@bsb1954m-words#@bsb1954m#201.013#201.436
318	он	он	PRON	_	Case=Nom|Gender=Masc|Number=Sing|Person=3	_	_	_	@bsb1954m-words#@bsb1954m#201.436#201.859
319	такой	такой	DET	_	Case=Nom|Gender=Masc|Number=Sing	_	_	_	@bsb1954m-words#@bsb1954m#201.859#202.286
320	ну	ну	PART	_	_	_	_	_	@bsb1954m-words#@bsb1954m#203.0#203.371
321	давайте	давать	VERB	_	Aspect=Imp|Mood=Imp|Number=Plur|Person=2|VerbForm=Fin|Voice=Act	_	_	_	@bsb1954m-words#@bsb1954m#203.371#203.742
322	попроще	просто	ADV	_	Degree=Cmp	_	_	_	@bsb1954m-words#@bsb1954m#203.742#204.113
323	так	так	ADV	_	Degree=Pos	_	_	_	@bsb1954m-words#@bsb1954m#215.536#215.783
324	угу	уга	NOUN	_	Animacy=Inan|Case=Par|Gender=Masc|Number=Sing	_	_	_	@bsb1954m-words#@bsb1954m#217.739#217.832
325	ну	ну	PART	_	_	_	_	_	@bsb1954m-words#@bsb1954m#235.224#235.566
326	не	не	PART	_	_	_	_	_	@bsb1954m-words#@bsb1954m#235.566#235.908
327	совсем	совсем	ADV	_	Degree=Pos	_	_	_	@bsb1954m-words#@bsb1954m#235.908#236.25
328	чтоб	чтобы	SCONJ	_	Mood=Cnd	_	_	_	@bsb1954m-words#@bsb1954m#236.25#236.592
329	все	все	PRON	_	Animacy=Inan|Case=Nom|Gender=Neut|Number=Sing	_	_	_	@bsb1954m-words#@bsb1954m#236.592#236.934
330	внутри	внутри	ADV	_	Degree=Pos	_	_	_	@bsb1954m-words#@bsb1954m#236.934#237.276
331	ядра	ядро	NOUN	_	Animacy=Inan|Case=Nom|Gender=Neut|Number=Plur	_	_	_	@bsb1954m-words#@bsb1954m#237.276#237.618
332	атомного	атомный	ADJ	_	Case=Gen|Degree=Pos|Gender=Masc|Number=Sing	_	_	_	@bsb1954m-words#@bsb1954m#237.618#237.96
333	там	там	ADV	_	Degree=Pos	_	_	_	@bsb1954m-words#@bsb1954m#237.96#238.302
334	взяимодействие	взяимодействие	NOUN	_	Animacy=Inan|Case=Nom|Gender=Neut|Number=Sing	_	_	_	@bsb1954m-words#@bsb1954m#238.302#238.644
335	не	не	PART	_	_	_	_	_	@bsb1954m-words#@bsb1954m#238.644#238.986
336	электрических	электрический	ADJ	_	Case=Gen|Degree=Pos|Number=Plur	_	_	_	@bsb1954m-words#@bsb1954m#238.986#239.328
337	#нрзб#	#нрзб#	NOUN	_	Animacy=Inan|Case=Gen|Gender=Fem|Number=Sing	_	_	_	@bsb1954m-words#@bsb1954m#239.328#239.677
338	нет	нет	VERB	_	Aspect=Imp|Mood=Ind|Number=Sing|Person=3|Tense=Pres|VerbForm=Fin|Voice=Act	_	_	_	@bsb1954m-words#@bsb1954m#240.301#240.51
339	не	не	PART	_	_	_	_	_	@bsb1954m-words#@bsb1954m#241.835#241.914
340	было	быть	AUX	_	Aspect=Imp|Gender=Neut|Mood=Ind|Number=Sing|Tense=Past|VerbForm=Fin|Voice=Act	_	_	_	@bsb1954m-words#@bsb1954m#241.914#241.994
341	ну	ну	PART	_	_	_	_	_	@bsb1954m-words#@bsb1954m#244.489#244.832
342	как	как	SCONJ	_	_	_	_	_	@bsb1954m-words#@bsb1954m#244.832#245.175
343	же	же	PART	_	_	_	_	_	@bsb1954m-words#@bsb1954m#245.175#245.518
344	в	в	ADP	_	_	_	_	_	@bsb1954m-words#@bsb1954m#245.518#245.861
345	общем-то	общей-то	DET	_	Case=Loc|Gender=Masc|Number=Sing	_	_	_	@bsb1954m-words#@bsb1954m#245.861#246.204
346	опыты	опыт	NOUN	_	Animacy=Inan|Case=Nom|Gender=Masc|Number=Plur	_	_	_	@bsb1954m-words#@bsb1954m#246.204#246.547
347	э	эра	NOUN	_	Animacy=Inan|Case=Gen|Gender=Fem|Number=Sing	_	_	_	@bsb1954m-words#@bsb1954m#246.547#246.894
348	Резерфорда	Резерфорд	PROPN	_	Animacy=Anim|Case=Gen|Gender=Masc|Number=Sing	_	_	_	@bsb1954m-words#@bsb1954m#246.904#247.452
349	?	?	PUNCT	_	_	_	_	_	@bsb1954m-words#@bsb1954m#247.452#248.0
350	сам	сам	ADJ	_	Case=Nom|Degree=Pos|Gender=Masc|Number=Sing	_	_	_	@bsb1954m-words#@bsb1954m#249.881#250.129
351	отказался	отказаться	VERB	_	Aspect=Perf|Gender=Masc|Mood=Ind|Number=Sing|Tense=Past|VerbForm=Fin|Voice=Mid	_	_	_	@bsb1954m-words#@bsb1954m#250.129#250.377
352	?	?	PUNCT	_	_	_	_	_	@bsb1954m-words#@bsb1954m#250.377#250.626
353	так	так	ADV	_	Degree=Pos	_	_	_	@bsb1954m-words#@bsb1954m#255.095#255.29
354	он	он	PRON	_	Case=Nom|Gender=Masc|Number=Sing|Person=3	_	_	_	@bsb1954m-words#@bsb1954m#255.29#255.485
355	сфальсифицировал	фальсифицировать	VERB	_	Aspect=Imp|Gender=Masc|Mood=Ind|Number=Sing|Tense=Past|VerbForm=Fin|Voice=Act	_	_	_	@bsb1954m-words#@bsb1954m#255.485#255.68
356	что	что	SCONJ	_	_	_	_	_	@bsb1954m-words#@bsb1954m#255.68#255.875
357	ли	ли	PART	_	_	_	_	_	@bsb1954m-words#@bsb1954m#255.875#256.07
358	?	?	PUNCT	_	_	_	_	_	@bsb1954m-words#@bsb1954m#256.07#256.27
359	угу	уга	NOUN	_	Animacy=Anim|Case=Acc|Gender=Masc|Number=Sing	_	_	_	@bsb1954m-words#@bsb1954m#268.499#268.618
360	да	да	PART	_	_	_	_	_	@bsb1954m-words#@bsb1954m#271.538#271.825
361	но	но	CCONJ	_	_	_	_	_	@bsb1954m-words#@bsb1954m#271.825#272.112
362	это	это	PRON	_	Animacy=Inan|Case=Acc|Gender=Neut|Number=Sing	_	_	_	@bsb1954m-words#@bsb1954m#272.112#272.399
363	он	он	PRON	_	Case=Nom|Gender=Masc|Number=Sing|Person=3	_	_	_	@bsb1954m-words#@bsb1954m#272.399#272.686
364	говорил	говорить	VERB	_	Aspect=Imp|Gender=Masc|Mood=Ind|Number=Sing|Tense=Past|VerbForm=Fin|Voice=Act	_	_	_	@bsb1954m-words#@bsb1954m#272.686#272.973
365	что	что	SCONJ	_	_	_	_	_	@bsb1954m-words#@bsb1954m#272.973#273.26
366	когда	когда	SCONJ	_	_	_	_	_	@bsb1954m-words#@bsb1954m#273.26#273.547
367	этот	этот	DET	_	Case=Nom|Gender=Masc|Number=Sing	_	_	_	@bsb1954m-words#@bsb1954m#273.547#273.834
368	пятнадцатидюймовый	пятнадцатидюймовый	ADJ	_	Case=Nom|Degree=Pos|Gender=Masc|Number=Sing	_	_	_	@bsb1954m-words#@bsb1954m#273.834#274.121
369	снаряд	снаряд	NOUN	_	Animacy=Inan|Case=Nom|Gender=Masc|Number=Sing	_	_	_	@bsb1954m-words#@bsb1954m#274.121#274.408
370	ударился	ударить	VERB	_	Aspect=Perf|Gender=Masc|Mood=Ind|Number=Sing|Tense=Past|VerbForm=Fin|Voice=Mid	_	_	_	@bsb1954m-words#@bsb1954m#274.408#274.695
371	/	/	PUNCT	_	_	_	_	_	@bsb1954m-words#@bsb1954m#274.695#274.982
372	в	в	ADP	_	_	_	_	_	@bsb1954m-words#@bsb1954m#274.982#275.269
373	атомное	атомный	ADJ	_	Case=Acc|Degree=Pos|Gender=Neut|Number=Sing	_	_	_	@bsb1954m-words#@bsb1954m#275.269#275.556
374	ядро	ядро	NOUN	_	Animacy=Inan|Case=Acc|Gender=Neut|Number=Sing	_	_	_	@bsb1954m-words#@bsb1954m#275.556#275.843
375	и	и	CCONJ	_	_	_	_	_	@bsb1954m-words#@bsb1954m#275.843#276.13
376	отлетел	отлететь	VERB	_	Aspect=Perf|Gender=Masc|Mood=Ind|Number=Sing|Tense=Past|VerbForm=Fin|Voice=Act	_	_	_	@bsb1954m-words#@bsb1954m#276.13#276.417
377	к	к	ADP	_	_	_	_	_	@bsb1954m-words#@bsb1954m#276.417#276.704
378	нему	он	PRON	_	Case=Dat|Gender=Masc|Number=Sing|Person=3	_	_	_	@bsb1954m-words#@bsb1954m#276.704#277.0
379	ядро	ядро	NOUN	_	Animacy=Inan|Case=Acc|Gender=Neut|Number=Sing	_	_	_	@bsb1954m-words#@bsb1954m#277.329#277.662
380	золото	золото	NOUN	_	Animacy=Inan|Case=Acc|Gender=Neut|Number=Sing	_	_	_	@bsb1954m-words#@bsb1954m#277.662#277.995
381	а	а	CCONJ	_	_	_	_	_	@bsb1954m-words#@bsb1954m#277.995#278.328
382	он	он	PRON	_	Case=Nom|Gender=Masc|Number=Sing|Person=3	_	_	_	@bsb1954m-words#@bsb1954m#278.328#278.661
383	стрелял	стрелять	VERB	_	Aspect=Imp|Gender=Masc|Mood=Ind|Number=Sing|Tense=Past|VerbForm=Fin|Voice=Act	_	_	_	@bsb1954m-words#@bsb1954m#278.661#278.994
384	этими	этот	DET	_	Case=Ins|Number=Plur	_	_	_	@bsb1954m-words#@bsb1954m#278.994#279.327
385	самыми	самый	ADJ	_	Case=Ins|Degree=Pos|Number=Plur	_	_	_	@bsb1954m-words#@bsb1954m#279.327#279.66
386	альфа-частицами	альфа-частиец	NOUN	_	Animacy=Inan|Case=Ins|Gender=Fem|Number=Plur	_	_	_	@bsb1954m-words#@bsb1954m#279.66#279.997
387	так	так	ADV	_	Degree=Pos	_	_	_	@bsb1954m-words#@bsb1954m#280.76#280.965
388	что	что	SCONJ	_	_	_	_	_	@bsb1954m-words#@bsb1954m#280.965#281.17
389	это	это	PRON	_	Animacy=Inan|Case=Nom|Gender=Neut|Number=Sing	_	_	_	@bsb1954m-words#@bsb1954m#281.17#281.375
390	не	не	PART	_	_	_	_	_	@bsb1954m-words#@bsb1954m#281.375#281.58
391	он	он	PRON	_	Case=Nom|Gender=Masc|Number=Sing|Person=3	_	_	_	@bsb1954m-words#@bsb1954m#281.58#281.785
392	не	не	PART	_	_	_	_	_	@bsb1954m-words#@bsb1954m#281.785#281.99
393	отказался	отказаться	VERB	_	Aspect=Perf|Gender=Masc|Mood=Ind|Number=Sing|Tense=Past|VerbForm=Fin|Voice=Mid	_	_	_	@bsb1954m-words#@bsb1954m#281.99#282.195
394	ну	ну	PART	_	_	_	_	_	@bsb1954m-words#@bsb1954m#282.974#283.183
395	где	где	ADV	_	Degree=Pos	_	_	_	@bsb1954m-words#@bsb1954m#283.183#283.392
396	ж	же	PART	_	_	_	_	_	@bsb1954m-words#@bsb1954m#283.392#283.601
397	так	так	ADV	_	Degree=Pos	_	_	_	@bsb1954m-words#@bsb1954m#283.601#283.81
398	отказался-то	отказался-то	ADV	_	Degree=Pos	_	_	_	@bsb1954m-words#@bsb1954m#283.81#284.019
399	?	?	PUNCT	_	_	_	_	_	@bsb1954m-words#@bsb1954m#284.019#284.229
400	так	так	ADV	_	Degree=Pos	_	_	_	@bsb1954m-words#@bsb1954m#289.773#290.056
401	угу	уга	NOUN	_	Animacy=Anim|Case=Dat|Gender=Masc|Number=Sing	_	_	_	@bsb1954m-words#@bsb1954m#293.899#294.203
402	ядро	ядро	ADV	_	Degree=Pos	_	_	_	@bsb1954m-words#@bsb1954m#297.0#297.45
403	ге...	ге...	PROPN	_	Animacy=Anim|Case=Dat|Gender=Fem|Number=Sing	_	_	_	@bsb1954m-words#@bsb1954m#297.45#297.9
404	альфа-частица	альфа-частица	NOUN	_	Animacy=Inan|Case=Acc|Gender=Neut|Number=Plur	_	_	_	@bsb1954m-words#@bsb1954m#297.9#298.35
405	это	этот	DET	_	Case=Acc|Gender=Neut|Number=Sing	_	_	_	@bsb1954m-words#@bsb1954m#298.35#298.8
406	ядро	ядро	NOUN	_	Animacy=Inan|Case=Acc|Gender=Neut|Number=Sing	_	_	_	@bsb1954m-words#@bsb1954m#298.8#299.25
407	атома	атом	NOUN	_	Animacy=Inan|Case=Gen|Gender=Masc|Number=Sing	_	_	_	@bsb1954m-words#@bsb1954m#299.25#299.7
408	гелия	гелие	NOUN	_	Animacy=Inan|Case=Gen|Gender=Masc|Number=Sing	_	_	_	@bsb1954m-words#@bsb1954m#299.7#300.154
409	ну	ну	PART	_	_	_	_	_	@bsb1954m-words#@bsb1954m#300.61#300.823
410	ладно	ладно	PART	_	_	_	_	_	@bsb1954m-words#@bsb1954m#300.823#301.036
411	так	так	ADV	_	Degree=Pos	_	_	_	@bsb1954m-words#@bsb1954m#305.046#305.422
412	угу	уга	NOUN	_	Animacy=Inan|Case=Par|Gender=Masc|Number=Sing	_	_	_	@bsb1954m-words#@bsb1954m#312.422#312.623
413	ну	ну	PART	_	_	_	_	_	@bsb1954m-words#@bsb1954m#316.966#317.159
414	это	это	PRON	_	Animacy=Inan|Case=Nom|Gender=Neut|Number=Sing	_	_	_	@bsb1954m-words#@bsb1954m#317.159#317.352
415	вообще-то	вообщй-то	NOUN	_	Animacy=Inan|Case=Gen|Gender=Fem|Number=Sing	_	_	_	@bsb1954m-words#@bsb1954m#317.352#317.545
416	не	не	PART	_	_	_	_	_	@bsb1954m-words#@bsb1954m#317.545#317.738
417	металл	металл	NOUN	_	Animacy=Inan|Case=Nom|Gender=Masc|Number=Sing	_	_	_	@bsb1954m-words#@bsb1954m#317.738#317.931
418	как	как	ADV	_	Degree=Pos	_	_	_	@bsb1954m-words#@bsb1954m#317.931#318.124
419	бы	бы	AUX	_	_	_	_	_	@bsb1954m-words#@bsb1954m#318.124#318.319
420	так	так	ADV	_	Degree=Pos	_	_	_	@bsb1954m-words#@bsb1954m#320.224#320.51
421	ну	ну	PART	_	_	_	_	_	@bsb1954m-words#@bsb1954m#320.51#320.796
422	у	у	ADP	_	_	_	_	_	@bsb1954m-words#@bsb1954m#320.796#321.082
423	него	он	PRON	_	Case=Gen|Gender=Masc|Number=Sing|Person=3	_	_	_	@bsb1954m-words#@bsb1954m#321.082#321.368
424	ж	же	PART	_	_	_	_	_	@bsb1954m-words#@bsb1954m#321.368#321.654
425	не	не	PART	_	_	_	_	_	@bsb1954m-words#@bsb1954m#321.654#321.94
426	металлическая	металлический	ADJ	_	Case=Nom|Degree=Pos|Gender=Fem|Number=Sing	_	_	_	@bsb1954m-words#@bsb1954m#321.94#322.226
427	связь	связь	NOUN	_	Animacy=Inan|Case=Nom|Gender=Fem|Number=Sing	_	_	_	@bsb1954m-words#@bsb1954m#322.226#322.512
428	но	но	CCONJ	_	_	_	_	_	@bsb1954m-words#@bsb1954m#322.793#323.002
429	у	у	ADP	_	_	_	_	_	@bsb1954m-words#@bsb1954m#323.002#323.211
430	него	он	PRON	_	Case=Gen|Gender=Masc|Number=Sing|Person=3	_	_	_	@bsb1954m-words#@bsb1954m#323.211#323.42
431	ж	же	PART	_	_	_	_	_	@bsb1954m-words#@bsb1954m#323.42#323.629
432	не	не	PART	_	_	_	_	_	@bsb1954m-words#@bsb1954m#323.629#323.838
433	металлическая	металлический	ADJ	_	Case=Nom|Degree=Pos|Gender=Fem|Number=Sing	_	_	_	@bsb1954m-words#@bsb1954m#323.838#324.047
434	связь-то	связь-то	ADV	_	Degree=Pos	_	_	_	@bsb1954m-words#@bsb1954m#324.047#324.256
435	в	в	ADP	_	_	_	_	_	@bsb1954m-words#@bsb1954m#324.256#324.465
436	кристаллике	кристаллика	NOUN	_	Animacy=Inan|Case=Loc|Gender=Fem|Number=Sing	_	_	_	@bsb1954m-words#@bsb1954m#324.465#324.674
437	у	у	ADP	_	_	_	_	_	@bsb1954m-words#@bsb1954m#324.674#324.883
438	него	он	PRON	_	Case=Gen|Gender=Masc|Number=Sing|Person=3	_	_	_	@bsb1954m-words#@bsb1954m#324.883#325.092
439	ж	же	PART	_	_	_	_	_	@bsb1954m-words#@bsb1954m#325.092#325.301
440	ковалентная	ковалентный	ADJ	_	Case=Nom|Degree=Pos|Gender=Fem|Number=Sing	_	_	_	@bsb1954m-words#@bsb1954m#325.301#325.51
441	эт	эт	NOUN	_	Animacy=Inan|Case=Dat|Gender=Masc|Number=Sing	_	_	_	@bsb1954m-words#@bsb1954m#327.636#327.806
442	все	весь	DET	_	Case=Nom|Number=Plur	_	_	_	@bsb1954m-words#@bsb1954m#327.806#327.976
443	мы	мы	PRON	_	Case=Nom|Number=Plur|Person=1	_	_	_	@bsb1954m-words#@bsb1954m#327.976#328.146
444	напридумывали	напридумывать	VERB	_	Aspect=Imp|Mood=Ind|Number=Plur|Tense=Past|VerbForm=Fin|Voice=Act	_	_	_	@bsb1954m-words#@bsb1954m#328.146#328.316
445	ну	ну	PART	_	_	_	_	_	@yusr1955m-words#@yusr1955m#49.301#49.568
446	не	не	PART	_	_	_	_	_	@yusr1955m-words#@yusr1955m#49.568#49.835
447	только	только	PART	_	_	_	_	_	@yusr1955m-words#@yusr1955m#49.835#50.102
448	на	на	ADP	_	_	_	_	_	@yusr1955m-words#@yusr1955m#50.102#50.369
449	вашу	ваш	NOUN	_	Animacy=Inan|Case=Acc|Gender=Fem|Number=Sing	_	_	_	@yusr1955m-words#@yusr1955m#50.369#50.636
450	/	/	PUNCT	_	_	_	_	_	@yusr1955m-words#@yusr1955m#50.636#50.903
451	потому	потому	ADV	_	Degree=Pos	_	_	_	@yusr1955m-words#@yusr1955m#50.903#51.17
452	что	что	SCONJ	_	_	_	_	_	@yusr1955m-words#@yusr1955m#51.17#51.437
453	я	я	PRON	_	Case=Nom|Number=Sing|Person=1	_	_	_	@yusr1955m-words#@yusr1955m#51.437#51.704
454	сам	сам	ADJ	_	Case=Nom|Degree=Pos|Gender=Masc|Number=Sing	_	_	_	@yusr1955m-words#@yusr1955m#51.704#51.971
455	семь	семь	NUM	_	Case=Acc	_	_	_	@yusr1955m-words#@yusr1955m#51.971#52.238
456	лет	год	NOUN	_	Animacy=Inan|Case=Gen|Gender=Masc|Number=Plur	_	_	_	@yusr1955m-words#@yusr1955m#52.238#52.505
457	преподавал	преподавать	VERB	_	Aspect=Imp|Gender=Masc|Mood=Ind|Number=Sing|Tense=Past|VerbForm=Fin|Voice=Act	_	_	_	@yusr1955m-words#@yusr1955m#52.505#52.772
458	в	в	ADP	_	_	_	_	_	@yusr1955m-words#@yusr1955m#52.772#53.039
459	МИРЭА	МИРЭА	NOUN	_	Animacy=Inan|Case=Gen|Gender=Neut|Number=Sing	_	_	_	@yusr1955m-words#@yusr1955m#53.039#53.314
460	а	а	CCONJ	_	_	_	_	_	@yusr1955m-words#@yusr1955m#54.175#54.593
461	читал	читать	VERB	_	Aspect=Imp|Gender=Masc|Mood=Ind|Number=Sing|Tense=Past|VerbForm=Fin|Voice=Act	_	_	_	@yusr1955m-words#@yusr1955m#54.593#55.011
462	а	о	CCONJ	_	_	_	_	_	@yusr1955m-words#@yusr1955m#55.011#55.429
463	раб...	раб...	PROPN	_	Animacy=Anim|Case=Nom|Gender=Masc|Number=Sing	_	_	_	@yusr1955m-words#@yusr1955m#55.429#55.847
464	работал	работать	VERB	_	Aspect=Imp|Gender=Masc|Mood=Ind|Number=Sing|Tense=Past|VerbForm=Fin|Voice=Act	_	_	_	@yusr1955m-words#@yusr1955m#55.847#56.265
465	на	на	ADP	_	_	_	_	_	@yusr1955m-words#@yusr1955m#56.265#56.683
466	кафедре	кафедра	NOUN	_	Animacy=Inan|Case=Loc|Gender=Fem|Number=Sing	_	_	_	@yusr1955m-words#@yusr1955m#56.683#57.101
467	/	/	PUNCT	_	_	_	_	_	@yusr1955m-words#@yusr1955m#57.101#57.519
468	э	эра	NOUN	_	Case=Gen|Degree=Pos|Gender=Fem|Number=Sing	_	_	_	@yusr1955m-words#@yusr1955m#57.519#57.937
469	технологии	технология	NOUN	_	Animacy=Inan|Case=Gen|Gender=Fem|Number=Sing	_	_	_	@yusr1955m-words#@yusr1955m#57.937#58.363
470	э	эра	X	_	Foreign=Yes	_	_	_	@yusr1955m-words#@yusr1955m#59.1#59.455
471	вот	вот	PART	_	_	_	_	_	@yusr1955m-words#@yusr1955m#59.455#59.81
472	и	и	PART	_	_	_	_	_	@yusr1955m-words#@yusr1955m#59.81#60.165
473	там	там	ADV	_	Degree=Pos	_	_	_	@yusr1955m-words#@yusr1955m#60.165#60.52
474	я	я	PRON	_	Case=Nom|Number=Sing|Person=1	_	_	_	@yusr1955m-words#@yusr1955m#60.52#60.875
475	как	как	SCONJ	_	_	_	_	_	@yusr1955m-words#@yusr1955m#60.875#61.23
476	раз	раз	NOUN	_	Animacy=Inan|Case=Acc|Gender=Masc|Number=Sing	_	_	_	@yusr1955m-words#@yusr1955m#61.23#61.585
477	студентам	студент	NOUN	_	Animacy=Anim|Case=Dat|Gender=Masc|Number=Plur	_	_	_	@yusr1955m-words#@yusr1955m#61.585#61.94
478	показывал	показывать	VERB	_	Aspect=Imp|Gender=Masc|Mood=Ind|Number=Sing|Tense=Past|VerbForm=Fin|Voice=Act	_	_	_	@yusr1955m-words#@yusr1955m#61.94#62.295
479	/	/	PUNCT	_	_	_	_	_	@yusr1955m-words#@yusr1955m#62.295#62.65
480	а	а	CCONJ	_	_	_	_	_	@yusr1955m-words#@yusr1955m#62.65#63.005
481	согласно	согласно	ADP	_	_	_	_	_	@yusr1955m-words#@yusr1955m#63.005#63.36
482	/	/	PUNCT	_	_	_	_	_	@yusr1955m-words#@yusr1955m#63.36#63.715
483	договора	договор	NOUN	_	Animacy=Inan|Case=Gen|Gender=Masc|Number=Sing	_	_	_	@yusr1955m-words#@yusr1955m#63.715#64.07
484	с	с	ADP	_	_	_	_	_	@yusr1955m-words#@yusr1955m#64.07#64.425
485	ректором	ректор	NOUN	_	Animacy=Inan|Case=Ins|Gender=Masc|Number=Sing	_	_	_	@yusr1955m-words#@yusr1955m#64.425#64.78
486	я	я	PRON	_	Case=Nom|Number=Sing|Person=1	_	_	_	@yusr1955m-words#@yusr1955m#64.78#65.135
487	читал	читать	VERB	_	Aspect=Imp|Gender=Masc|Mood=Ind|Number=Sing|Tense=Past|VerbForm=Fin|Voice=Act	_	_	_	@yusr1955m-words#@yusr1955m#65.135#65.49
488	/	/	PUNCT	_	_	_	_	_	@yusr1955m-words#@yusr1955m#65.49#65.845
489	лекции	лекция	NOUN	_	Animacy=Inan|Case=Acc|Gender=Fem|Number=Plur	_	_	_	@yusr1955m-words#@yusr1955m#65.845#66.208
490	которые	который	PRON	_	Case=Nom	_	_	_	@yusr1955m-words#@yusr1955m#66.368#66.745
491	положено	положенный	ADJ	_	Degree=Pos|Gender=Neut|Number=Sing|Variant=Short	_	_	_	@yusr1955m-words#@yusr1955m#66.745#67.122
492	/	/	PUNCT	_	_	_	_	_	@yusr1955m-words#@yusr1955m#67.122#67.499
493	а	а	CCONJ	_	_	_	_	_	@yusr1955m-words#@yusr1955m#67.499#67.876
494	на	на	ADP	_	_	_	_	_	@yusr1955m-words#@yusr1955m#67.876#68.253
495	практике	практика	NOUN	_	Animacy=Inan|Case=Loc|Gender=Fem|Number=Sing	_	_	_	@yusr1955m-words#@yusr1955m#68.253#68.63
496	я	я	PRON	_	Case=Nom|Number=Sing|Person=1	_	_	_	@yusr1955m-words#@yusr1955m#68.63#69.007
497	показывал	показывать	VERB	_	Aspect=Imp|Gender=Masc|Mood=Ind|Number=Sing|Tense=Past|VerbForm=Fin|Voice=Act	_	_	_	@yusr1955m-words#@yusr1955m#69.007#69.384
498	/	/	PUNCT	_	_	_	_	_	@yusr1955m-words#@yusr1955m#69.384#69.761
499	что	что	SCONJ	_	_	_	_	_	@yusr1955m-words#@yusr1955m#69.761#70.138
500	все	весь	DET	_	Case=Nom|Number=Plur	_	_	_	@yusr1955m-words#@yusr1955m#70.138#70.515
501	эти	этот	DET	_	Case=Nom|Number=Plur	_	_	_	@yusr1955m-words#@yusr1955m#70.515#70.892
502	законы	закон	NOUN	_	Animacy=Inan|Case=Nom|Gender=Masc|Number=Plur	_	_	_	@yusr1955m-words#@yusr1955m#70.892#71.269
503	и	и	CCONJ	_	_	_	_	_	@yusr1955m-words#@yusr1955m#71.269#71.646
504	Ньютона	Ньютон	PROPN	_	Animacy=Anim|Case=Gen|Gender=Masc|Number=Sing	_	_	_	@yusr1955m-words#@yusr1955m#71.646#72.023
505	и	и	CCONJ	_	_	_	_	_	@yusr1955m-words#@yusr1955m#72.023#72.4
506	Эйнштейна	Эйнштейн	PROPN	_	Animacy=Anim|Case=Gen|Gender=Masc|Number=Sing	_	_	_	@yusr1955m-words#@yusr1955m#72.4#72.777
507	и	и	CCONJ	_	_	_	_	_	@yusr1955m-words#@yusr1955m#72.777#73.154
508	м	метр	NOUN	_	Animacy=Inan|Case=Acc|Gender=Masc|Number=Sing	_	_	_	@yusr1955m-words#@yusr1955m#73.154#73.531
509	законы	закон	NOUN	_	Animacy=Inan|Case=Acc|Gender=Masc|Number=Plur	_	_	_	@yusr1955m-words#@yusr1955m#73.531#73.908
510	/	/	PUNCT	_	_	_	_	_	@yusr1955m-words#@yusr1955m#73.908#74.285
511	а	а	CCONJ	_	_	_	_	_	@yusr1955m-words#@yusr1955m#74.285#74.662
512	которые	который	PRON	_	Case=Acc	_	_	_	@yusr1955m-words#@yusr1955m#74.662#75.039
513	использовал	использовать	VERB	_	Aspect=Imp|Gender=Masc|Mood=Ind|Number=Sing|Tense=Past|VerbForm=Fin|Voice=Act	_	_	_	@yusr1955m-words#@yusr1955m#75.039#75.416
514	Максвелл	Максвелл	PROPN	_	Animacy=Anim|Case=Nom|Gender=Masc|Number=Sing	_	_	_	@yusr1955m-words#@yusr1955m#75.416#75.793
515	они	они	PRON	_	Case=Nom|Number=Plur|Person=3	_	_	_	@yusr1955m-words#@yusr1955m#75.793#76.17
516	все	все	DET	_	Case=Nom|Number=Plur	_	_	_	@yusr1955m-words#@yusr1955m#76.17#76.547
517	не	не	PART	_	_	_	_	_	@yusr1955m-words#@yusr1955m#76.547#76.924
518	работоспособны	работоспособть	ADJ	_	Degree=Pos|Number=Plur|Variant=Short	_	_	_	@yusr1955m-words#@yusr1955m#76.924#77.301
519	в	в	ADP	_	_	_	_	_	@yusr1955m-words#@yusr1955m#77.301#77.678
520	природе	природа	NOUN	_	Animacy=Inan|Case=Loc|Gender=Fem|Number=Sing	_	_	_	@yusr1955m-words#@yusr1955m#77.678#78.055
521	/	/	PUNCT	_	_	_	_	_	@yusr1955m-words#@yusr1955m#78.055#78.432
522	это	это	PRON	_	Animacy=Inan|Case=Nom|Gender=Neut|Number=Sing	_	_	_	@yusr1955m-words#@yusr1955m#78.432#78.809
523	очень	очень	ADV	_	Degree=Pos	_	_	_	@yusr1955m-words#@yusr1955m#78.809#79.186
524	важно	важный	ADJ	_	Degree=Pos|Gender=Neut|Number=Sing|Variant=Short	_	_	_	@yusr1955m-words#@yusr1955m#79.186#79.567
525	ну	ну	PART	_	_	_	_	_	@yusr1955m-words#@yusr1955m#82.054#82.148
526	я	я	PRON	_	Case=Nom|Number=Sing|Person=1	_	_	_	@yusr1955m-words#@yusr1955m#82.148#82.242
527	ведь	ведь	PART	_	_	_	_	_	@yusr1955m-words#@yusr1955m#82.242#82.336
528	показывал	показывать	VERB	_	Aspect=Imp|Gender=Masc|Mood=Ind|Number=Sing|Tense=Past|VerbForm=Fin|Voice=Act	_	_	_	@yusr1955m-words#@yusr1955m#82.336#82.432
529	нет	нет	VERB	_	Aspect=Imp|Mood=Ind|Number=Sing|Person=3|Tense=Pres|VerbForm=Fin|Voice=Act	_	_	_	@yusr1955m-words#@yusr1955m#93.497#93.806
530	нет	нет	VERB	_	Aspect=Imp|Mood=Ind|Number=Sing|Person=3|Tense=Pres|VerbForm=Fin|Voice=Act	_	_	_	@yusr1955m-words#@yusr1955m#97.931#98.166
531	немножко	немножко	ADV	_	Degree=Pos	_	_	_	@yusr1955m-words#@yusr1955m#98.166#98.401
532	не	не	PART	_	_	_	_	_	@yusr1955m-words#@yusr1955m#98.401#98.636
533	так	так	ADV	_	Degree=Pos	_	_	_	@yusr1955m-words#@yusr1955m#98.636#98.872
534	ну	ну	PART	_	_	_	_	_	@yusr1955m-words#@yusr1955m#99.507#99.769
535	пф	пф	NOUN	_	Animacy=Inan|Case=Nom|Gender=Fem|Number=Sing	_	_	_	@yusr1955m-words#@yusr1955m#99.769#100.031
536	для	для	ADP	_	_	_	_	_	@yusr1955m-words#@yusr1955m#100.031#100.293
537	начала	начало	NOUN	_	Animacy=Inan|Case=Gen|Gender=Neut|Number=Sing	_	_	_	@yusr1955m-words#@yusr1955m#100.293#100.555
538	чтоб	чтоб	NOUN	_	Animacy=Inan|Case=Gen|Gender=Fem|Number=Plur	_	_	_	@yusr1955m-words#@yusr1955m#100.555#100.817
539	было	быть	AUX	_	Aspect=Imp|Gender=Neut|Mood=Ind|Number=Sing|Tense=Past|VerbForm=Fin|Voice=Act	_	_	_	@yusr1955m-words#@yusr1955m#100.817#101.079
540	понятно	понятный	ADJ	_	Degree=Pos|Gender=Neut|Number=Sing|Variant=Short	_	_	_	@yusr1955m-words#@yusr1955m#101.079#101.341
541	мы	мы	PRON	_	Case=Nom|Number=Plur|Person=1	_	_	_	@yusr1955m-words#@yusr1955m#101.341#101.603
542	дадим	дать	VERB	_	Aspect=Perf|Mood=Ind|Number=Plur|Person=1|Tense=Fut|VerbForm=Fin|Voice=Act	_	_	_	@yusr1955m-words#@yusr1955m#101.603#101.865
543	определение	определение	NOUN	_	Animacy=Inan|Case=Acc|Gender=Neut|Number=Sing	_	_	_	@yusr1955m-words#@yusr1955m#101.865#102.127
544	волне	волна	ADV	_	Degree=Pos	_	_	_	@yusr1955m-words#@yusr1955m#102.127#102.396
545	волна	волна	ADJ	_	Degree=Pos|Gender=Fem|Number=Sing|Variant=Short	_	_	_	@yusr1955m-words#@yusr1955m#103.67#104.039
546	/	/	PUNCT	_	_	_	_	_	@yusr1955m-words#@yusr1955m#104.039#104.408
547	это	это	PRON	_	Animacy=Inan|Case=Nom|Gender=Neut|Number=Sing	_	_	_	@yusr1955m-words#@yusr1955m#104.408#104.777
548	оптимальная	оптимальный	ADJ	_	Case=Nom|Degree=Pos|Gender=Fem|Number=Sing	_	_	_	@yusr1955m-words#@yusr1955m#104.777#105.146
549	форма	форма	NOUN	_	Animacy=Inan|Case=Nom|Gender=Fem|Number=Sing	_	_	_	@yusr1955m-words#@yusr1955m#105.146#105.515
550	/	/	PUNCT	_	_	_	_	_	@yusr1955m-words#@yusr1955m#105.515#105.884
551	распространения	распространение	NOUN	_	Animacy=Inan|Case=Gen|Gender=Neut|Number=Sing	_	_	_	@yusr1955m-words#@yusr1955m#105.884#106.253
552	сохранения	сохранение	NOUN	_	Animacy=Inan|Case=Gen|Gender=Neut|Number=Sing	_	_	_	@yusr1955m-words#@yusr1955m#106.253#106.622
553	электрического	электрический	ADJ	_	Case=Gen|Degree=Pos|Gender=Masc|Number=Sing	_	_	_	@yusr1955m-words#@yusr1955m#106.622#106.991
554	заряда	заряд	NOUN	_	Animacy=Inan|Case=Gen|Gender=Masc|Number=Sing	_	_	_	@yusr1955m-words#@yusr1955m#106.991#107.36
555	/	/	PUNCT	_	_	_	_	_	@yusr1955m-words#@yusr1955m#107.36#107.729
556	и	и	CCONJ	_	_	_	_	_	@yusr1955m-words#@yusr1955m#107.729#108.098
557	она	она	PRON	_	Case=Nom|Gender=Fem|Number=Sing|Person=3	_	_	_	@yusr1955m-words#@yusr1955m#108.098#108.467
558	имеет	иметь	VERB	_	Aspect=Imp|Mood=Ind|Number=Sing|Person=3|Tense=Pres|VerbForm=Fin|Voice=Act	_	_	_	@yusr1955m-words#@yusr1955m#108.467#108.836
559	форму	форма	NOUN	_	Animacy=Inan|Case=Acc|Gender=Fem|Number=Sing	_	_	_	@yusr1955m-words#@yusr1955m#108.836#109.205
560	сферы	сфера	NOUN	_	Animacy=Inan|Case=Gen|Gender=Fem|Number=Sing	_	_	_	@yusr1955m-words#@yusr1955m#109.205#109.574
561	/	/	PUNCT	_	_	_	_	_	@yusr1955m-words#@yusr1955m#109.574#109.943
562	в	в	ADP	_	_	_	_	_	@yusr1955m-words#@yusr1955m#109.943#110.312
563	понятии	понятие	NOUN	_	Animacy=Inan|Case=Loc|Gender=Neut|Number=Sing	_	_	_	@yusr1955m-words#@yusr1955m#110.312#110.681
564	у	у	ADP	_	_	_	_	_	@yusr1955m-words#@yusr1955m#110.681#111.05
565	каждого	каждый	DET	_	Case=Gen|Gender=Masc|Number=Sing	_	_	_	@yusr1955m-words#@yusr1955m#111.05#111.419
566	школьника	школьник	NOUN	_	Animacy=Anim|Case=Gen|Gender=Masc|Number=Sing	_	_	_	@yusr1955m-words#@yusr1955m#111.419#111.788
567	и	и	CCONJ	_	_	_	_	_	@yusr1955m-words#@yusr1955m#111.788#112.157
568	у	у	ADP	_	_	_	_	_	@yusr1955m-words#@yusr1955m#112.157#112.526
569	каждого	каждый	DET	_	Case=Gen|Gender=Masc|Number=Sing	_	_	_	@yusr1955m-words#@yusr1955m#112.526#112.895
570	человека	человек	NOUN	_	Animacy=Anim|Case=Gen|Gender=Masc|Number=Sing	_	_	_	@yusr1955m-words#@yusr1955m#112.895#113.264
571	волна	волна	NOUN	_	Animacy=Inan|Case=Gen|Gender=Masc|Number=Sing	_	_	_	@yusr1955m-words#@yusr1955m#113.264#113.633
572	это	это	PRON	_	Animacy=Inan|Case=Nom|Gender=Neut|Number=Sing	_	_	_	@yusr1955m-words#@yusr1955m#113.633#114.002
573	что-то	что-то	PRON	_	Case=Nom	_	_	_	@yusr1955m-words#@yusr1955m#114.002#114.371
574	такое	такой	DET	_	Case=Nom|Gender=Neut|Number=Sing	_	_	_	@yusr1955m-words#@yusr1955m#114.371#114.74
575	/	/	PUNCT	_	_	_	_	_	@yusr1955m-words#@yusr1955m#114.74#115.109
576	такого	такой	DET	_	Case=Gen|Gender=Neut|Number=Sing	_	_	_	@yusr1955m-words#@yusr1955m#115.109#115.478
577	нет	нет	VERB	_	Aspect=Imp|Mood=Ind|Number=Sing|Person=3|Tense=Pres|VerbForm=Fin|Voice=Act	_	_	_	@yusr1955m-words#@yusr1955m#115.478#115.847
578	в	в	ADP	_	_	_	_	_	@yusr1955m-words#@yusr1955m#115.847#116.216
579	природе	природа	NOUN	_	Animacy=Inan|Case=Loc|Gender=Fem|Number=Sing	_	_	_	@yusr1955m-words#@yusr1955m#116.216#116.61
580	всякая	всякий	DET	_	Case=Nom|Gender=Fem|Number=Sing	_	_	_	@yusr1955m-words#@yusr1955m#119.546#119.875
581	волна	волна	NOUN	_	Animacy=Inan|Case=Gen|Gender=Masc|Number=Sing	_	_	_	@yusr1955m-words#@yusr1955m#119.875#120.204
582	нет	нет	VERB	_	Aspect=Imp|Mood=Ind|Number=Sing|Person=3|Tense=Pres|VerbForm=Fin|Voice=Act	_	_	_	@yusr1955m-words#@yusr1955m#120.204#120.533
583	/	/	PUNCT	_	_	_	_	_	@yusr1955m-words#@yusr1955m#120.533#120.862
584	плоская	плоский	ADJ	_	Case=Nom|Degree=Pos|Gender=Fem|Number=Sing	_	_	_	@yusr1955m-words#@yusr1955m#120.862#121.191
585	/	/	PUNCT	_	_	_	_	_	@yusr1955m-words#@yusr1955m#121.191#121.52
586	это	это	PRON	_	Animacy=Inan|Case=Nom|Gender=Neut|Number=Sing	_	_	_	@yusr1955m-words#@yusr1955m#121.52#121.849
587	только	только	PART	_	_	_	_	_	@yusr1955m-words#@yusr1955m#121.849#122.178
588	теоретизированная	теоретизированный	ADJ	_	Case=Nom|Degree=Pos|Gender=Fem|Number=Sing	_	_	_	@yusr1955m-words#@yusr1955m#122.178#122.507
589	волна	волна	NOUN	_	Animacy=Inan|Case=Nom|Gender=Fem|Number=Sing	_	_	_	@yusr1955m-words#@yusr1955m#122.507#122.836
590	/	/	PUNCT	_	_	_	_	_	@yusr1955m-words#@yusr1955m#122.836#123.165
591	а	а	CCONJ	_	_	_	_	_	@yusr1955m-words#@yusr1955m#123.165#123.494
592	практическая	практический	ADJ	_	Case=Nom|Degree=Pos|Gender=Fem|Number=Sing	_	_	_	@yusr1955m-words#@yusr1955m#123.494#123.823
593	только	только	PART	_	_	_	_	_	@yusr1955m-words#@yusr1955m#123.823#124.152
594	в	в	ADP	_	_	_	_	_	@yusr1955m-words#@yusr1955m#124.152#124.481
595	виде	вид	NOUN	_	Animacy=Inan|Case=Loc|Gender=Masc|Number=Sing	_	_	_	@yusr1955m-words#@yusr1955m#124.481#124.81
596	шара	шар	NOUN	_	Animacy=Inan|Case=Gen|Gender=Masc|Number=Sing	_	_	_	@yusr1955m-words#@yusr1955m#124.81#125.141
597	только	только	PART	_	_	_	_	_	@yusr1955m-words#@yusr1955m#126.902#127.343
598	шары	шар	NOUN	_	Animacy=Inan|Case=Nom|Gender=Masc|Number=Plur	_	_	_	@yusr1955m-words#@yusr1955m#127.343#127.784
599	и	и	CCONJ	_	_	_	_	_	@yusr1955m-words#@yusr1955m#127.784#128.225
600	ловят	ловить	VERB	_	Aspect=Imp|Mood=Ind|Number=Plur|Person=3|Tense=Pres|VerbForm=Fin|Voice=Act	_	_	_	@yusr1955m-words#@yusr1955m#128.225#128.666
601	это	этот	PRON	_	Animacy=Inan|Case=Acc|Gender=Neut|Number=Sing	_	_	_	@yusr1955m-words#@yusr1955m#128.666#129.107
602	эксперимент	эксперимент	NOUN	_	Animacy=Inan|Case=Acc|Gender=Masc|Number=Sing	_	_	_	@yusr1955m-words#@yusr1955m#129.107#129.548
603	ну	ну	PART	_	_	_	_	_	@yusr1955m-words#@yusr1955m#129.548#129.989
604	нап...	нап...	PROPN	_	Animacy=Anim|Case=Ins|Gender=Fem|Number=Sing	_	_	_	@yusr1955m-words#@yusr1955m#132.912#133.139
605	нап...	нап...	PROPN	_	Animacy=Anim|Case=Ins|Gender=Fem|Number=Sing	_	_	_	@yusr1955m-words#@yusr1955m#133.139#133.366
606	нет	нет	VERB	_	Aspect=Imp|Mood=Ind|Number=Sing|Person=3|Tense=Pres|VerbForm=Fin|Voice=Act	_	_	_	@yusr1955m-words#@yusr1955m#133.366#133.595
607	это	этот	DET	_	Case=Acc|Gender=Neut|Number=Sing	_	_	_	@yusr1955m-words#@yusr1955m#135.036#135.444
608	лепестки	лепесток	NOUN	_	Animacy=Inan|Case=Gen|Gender=Fem|Number=Sing	_	_	_	@yusr1955m-words#@yusr1955m#135.444#135.852
609	это	это	PRON	_	Animacy=Inan|Case=Nom|Gender=Neut|Number=Sing	_	_	_	@yusr1955m-words#@yusr1955m#135.852#136.26
610	конструкция	конструкция	NOUN	_	Animacy=Inan|Case=Nom|Gender=Fem|Number=Sing	_	_	_	@yusr1955m-words#@yusr1955m#136.26#136.668
611	/	/	PUNCT	_	_	_	_	_	@yusr1955m-words#@yusr1955m#136.668#137.076
612	это	это	PRON	_	Animacy=Inan|Case=Nom|Gender=Neut|Number=Sing	_	_	_	@yusr1955m-words#@yusr1955m#137.076#137.484
613	не	не	PART	_	_	_	_	_	@yusr1955m-words#@yusr1955m#137.484#137.892
614	волна	волна	NOUN	_	Animacy=Inan|Case=Nom|Gender=Fem|Number=Sing	_	_	_	@yusr1955m-words#@yusr1955m#137.892#138.3
615	это	этот	PRON	_	Animacy=Inan|Case=Nom|Gender=Neut|Number=Sing	_	_	_	@yusr1955m-words#@yusr1955m#138.3#138.708
616	конструкция	конструкция	NOUN	_	Animacy=Inan|Case=Nom|Gender=Fem|Number=Sing	_	_	_	@yusr1955m-words#@yusr1955m#138.708#139.116
617	вашей	ваш	DET	_	Case=Gen|Gender=Fem|Number=Sing	_	_	_	@yusr1955m-words#@yusr1955m#139.116#139.524
618	антенны	антенна	NOUN	_	Animacy=Inan|Case=Gen|Gender=Fem|Number=Sing	_	_	_	@yusr1955m-words#@yusr1955m#139.524#139.932
619	нет	нет	VERB	_	Aspect=Imp|Mood=Ind|Number=Sing|Person=3|Tense=Pres|VerbForm=Fin|Voice=Act	_	_	_	@yusr1955m-words#@yusr1955m#143.85#144.324
620	поля	поле	NOUN	_	Animacy=Inan|Case=Gen|Gender=Neut|Number=Sing	_	_	_	@yusr1955m-words#@yusr1955m#144.324#144.798
621	обязательно	обязательно	ADV	_	Degree=Pos	_	_	_	@yusr1955m-words#@yusr1955m#147.0#147.308
622	и	и	CCONJ	_	_	_	_	_	@yusr1955m-words#@yusr1955m#147.308#147.616
623	исключительно	исключительно	ADV	_	Degree=Pos	_	_	_	@yusr1955m-words#@yusr1955m#147.616#147.924
624	сферическая	сферическать	ADJ	_	Case=Nom|Degree=Pos|Gender=Fem|Number=Sing	_	_	_	@yusr1955m-words#@yusr1955m#147.924#148.232
625	так	так	ADV	_	Degree=Pos	_	_	_	@yusr1955m-words#@yusr1955m#148.232#148.54
626	же	же	PART	_	_	_	_	_	@yusr1955m-words#@yusr1955m#148.54#148.848
627	как	как	SCONJ	_	_	_	_	_	@yusr1955m-words#@yusr1955m#148.848#149.156
628	и	и	PART	_	_	_	_	_	@yusr1955m-words#@yusr1955m#149.156#149.464
629	свет	свет	NOUN	_	Animacy=Inan|Case=Nom|Gender=Masc|Number=Sing	_	_	_	@yusr1955m-words#@yusr1955m#149.464#149.772
630	/	/	PUNCT	_	_	_	_	_	@yusr1955m-words#@yusr1955m#149.772#150.08
631	свет	свет	NOUN	_	Animacy=Inan|Case=Nom|Gender=Masc|Number=Sing	_	_	_	@yusr1955m-words#@yusr1955m#150.08#150.388
632	тоже	тоже	PART	_	_	_	_	_	@yusr1955m-words#@yusr1955m#150.388#150.696
633	всегда	всегда	ADV	_	Degree=Pos	_	_	_	@yusr1955m-words#@yusr1955m#150.696#151.004
634	сферический	сферический	ADJ	_	Case=Nom|Degree=Pos|Gender=Masc|Number=Sing	_	_	_	@yusr1955m-words#@yusr1955m#151.004#151.312
635	/	/	PUNCT	_	_	_	_	_	@yusr1955m-words#@yusr1955m#151.312#151.62
636	и	и	CCONJ	_	_	_	_	_	@yusr1955m-words#@yusr1955m#151.62#151.928
637	никуда	никуда	ADV	_	Degree=Pos	_	_	_	@yusr1955m-words#@yusr1955m#151.928#152.236
638	он	он	PRON	_	Case=Nom|Gender=Masc|Number=Sing|Person=3	_	_	_	@yusr1955m-words#@yusr1955m#152.236#152.544
639	не	не	PART	_	_	_	_	_	@yusr1955m-words#@yusr1955m#152.544#152.852
640	бежит	бежать	VERB	_	Aspect=Imp|Mood=Ind|Number=Sing|Person=3|Tense=Pres|VerbForm=Fin|Voice=Act	_	_	_	@yusr1955m-words#@yusr1955m#152.852#153.16
641	/	/	PUNCT	_	_	_	_	_	@yusr1955m-words#@yusr1955m#153.16#153.468
642	и	и	CCONJ	_	_	_	_	_	@yusr1955m-words#@yusr1955m#153.468#153.776
643	скорость	скорость	NOUN	_	Animacy=Inan|Case=Nom|Gender=Fem|Number=Sing	_	_	_	@yusr1955m-words#@yusr1955m#153.776#154.084
644	света	свет	NOUN	_	Animacy=Inan|Case=Gen|Gender=Masc|Number=Sing	_	_	_	@yusr1955m-words#@yusr1955m#154.084#154.392
645	его	он	PRON	_	Case=Gen|Gender=Masc|Number=Sing|Person=3	_	_	_	@yusr1955m-words#@yusr1955m#154.392#154.7
646	равна	равный	ADJ	_	Degree=Pos|Gender=Fem|Number=Sing|Variant=Short	_	_	_	@yusr1955m-words#@yusr1955m#154.7#155.008
647	нулю	нуль	NOUN	_	Animacy=Inan|Case=Dat|Gender=Masc|Number=Sing	_	_	_	@yusr1955m-words#@yusr1955m#155.008#155.337
648	#одновременно#	#одновременно#	NOUN	_	Animacy=Inan|Case=Gen|Gender=Fem|Number=Sing	_	_	_	@yusr1955m-words#@yusr1955m#173.195#173.448
649	говорят	говорить	VERB	_	Aspect=Imp|Mood=Ind|Number=Plur|Person=3|Tense=Pres|VerbForm=Fin|Voice=Act	_	_	_	@yusr1955m-words#@yusr1955m#173.448#173.701
650	когда	когда	SCONJ	_	_	_	_	_	@yusr1955m-words#@yusr1955m#189.925#190.12
651	мы	мы	PRON	_	Case=Nom|Number=Plur|Person=1	_	_	_	@yusr1955m-words#@yusr1955m#190.12#190.315
652	говорим	говорить	VERB	_	Aspect=Imp|Mood=Ind|Number=Plur|Person=1|Tense=Pres|VerbForm=Fin|Voice=Act	_	_	_	@yusr1955m-words#@yusr1955m#190.315#190.51
653	что-то	что-то	PRON	_	Case=Acc	_	_	_	@yusr1955m-words#@yusr1955m#190.51#190.705
654	/	/	PUNCT	_	_	_	_	_	@yusr1955m-words#@yusr1955m#190.705#190.9
655	я	я	PRON	_	Case=Nom|Number=Sing|Person=1	_	_	_	@yusr1955m-words#@yusr1955m#190.9#191.095
656	с	с	ADP	_	_	_	_	_	@yusr1955m-words#@yusr1955m#191.095#191.29
657	этим	это	PRON	_	Animacy=Inan|Case=Ins|Gender=Neut|Number=Sing	_	_	_	@yusr1955m-words#@yusr1955m#191.29#191.485
658	соглашаюсь	соглашаться	VERB	_	Aspect=Imp|Mood=Ind|Number=Sing|Person=1|Tense=Pres|VerbForm=Fin|Voice=Mid	_	_	_	@yusr1955m-words#@yusr1955m#191.485#191.68
659	/	/	PUNCT	_	_	_	_	_	@yusr1955m-words#@yusr1955m#191.68#191.875
660	но	но	CCONJ	_	_	_	_	_	@yusr1955m-words#@yusr1955m#191.875#192.07
661	только	только	PART	_	_	_	_	_	@yusr1955m-words#@yusr1955m#192.07#192.265
662	не	не	PART	_	_	_	_	_	@yusr1955m-words#@yusr1955m#192.265#192.46
663	то	то	PRON	_	Animacy=Inan|Case=Nom|Gender=Neut|Number=Sing	_	_	_	@yusr1955m-words#@yusr1955m#192.46#192.655
664	что	что	SCONJ	_	_	_	_	_	@yusr1955m-words#@yusr1955m#192.655#192.85
665	в	в	ADP	_	_	_	_	_	@yusr1955m-words#@yusr1955m#192.85#193.045
666	природе	природа	NOUN	_	Animacy=Inan|Case=Loc|Gender=Fem|Number=Sing	_	_	_	@yusr1955m-words#@yusr1955m#193.045#193.24
667	/	/	PUNCT	_	_	_	_	_	@yusr1955m-words#@yusr1955m#193.24#193.435
668	вот	вот	PART	_	_	_	_	_	@yusr1955m-words#@yusr1955m#193.435#193.63
669	это	это	DET	_	Case=Nom|Gender=Neut|Number=Sing	_	_	_	@yusr1955m-words#@yusr1955m#193.63#193.825
670	главное	главный	NOUN	_	Animacy=Inan|Case=Nom|Gender=Neut|Number=Sing	_	_	_	@yusr1955m-words#@yusr1955m#193.825#194.023
671	ну	ну	PART	_	_	_	_	_	@yusr1955m-words#@yusr1955m#198.86#199.05
672	давайте	давать	VERB	_	Aspect=Imp|Mood=Imp|Number=Plur|Person=2|VerbForm=Fin|Voice=Act	_	_	_	@yusr1955m-words#@yusr1955m#199.05#199.24
673	мы	мы	PRON	_	Case=Nom|Number=Plur|Person=1	_	_	_	@yusr1955m-words#@yusr1955m#199.24#199.43
674	начнем	начать	VERB	_	Aspect=Perf|Mood=Ind|Number=Plur|Person=1|Tense=Fut|VerbForm=Fin|Voice=Act	_	_	_	@yusr1955m-words#@yusr1955m#199.43#199.62
675	с	с	ADP	_	_	_	_	_	@yusr1955m-words#@yusr1955m#199.62#199.81
676	чего-то	что-то	PRON	_	Case=Gen	_	_	_	@yusr1955m-words#@yusr1955m#199.81#200.0
677	давайте	давать	VERB	_	Aspect=Imp|Mood=Imp|Number=Plur|Person=2|VerbForm=Fin|Voice=Act	_	_	_	@yusr1955m-words#@yusr1955m#201.559#201.632
678	мы	мы	PRON	_	Case=Nom|Number=Plur|Person=1	_	_	_	@yusr1955m-words#@yusr1955m#201.632#201.705
679	начнем	начать	VERB	_	Aspect=Perf|Mood=Ind|Number=Plur|Person=1|Tense=Fut|VerbForm=Fin|Voice=Act	_	_	_	@yusr1955m-words#@yusr1955m#201.705#201.778
680	попроще	просто	ADV	_	Degree=Pos	_	_	_	@yusr1955m-words#@yusr1955m#201.778#201.851
681	с	с	ADP	_	_	_	_	_	@yusr1955m-words#@yusr1955m#201.851#201.924
682	чего-нибудь	что-нибудь	PRON	_	Case=Gen	_	_	_	@yusr1955m-words#@yusr1955m#201.924#202.0
683	да	да	PART	_	_	_	_	_	@yusr1955m-words#@yusr1955m#204.19#204.614
684	вот	вот	PART	_	_	_	_	_	@yusr1955m-words#@yusr1955m#204.614#205.038
685	первое	первый	ADJ	_	Case=Acc|Degree=Pos|Gender=Neut|Number=Sing	_	_	_	@yusr1955m-words#@yusr1955m#205.038#205.462
686	что	что	PRON	_	Case=Acc	_	_	_	@yusr1955m-words#@yusr1955m#205.462#205.886
687	я	я	PRON	_	Case=Nom|Number=Sing|Person=1	_	_	_	@yusr1955m-words#@yusr1955m#205.886#206.31
688	сделал	делать	VERB	_	Aspect=Perf|Gender=Masc|Mood=Ind|Number=Sing|Tense=Past|VerbForm=Fin|Voice=Act	_	_	_	@yusr1955m-words#@yusr1955m#206.31#206.734
689	/	/	PUNCT	_	_	_	_	_	@yusr1955m-words#@yusr1955m#206.734#207.158
690	мне	я	PRON	_	Case=Dat|Number=Sing|Person=1	_	_	_	@yusr1955m-words#@yusr1955m#207.158#207.582
691	удалось	удаться	VERB	_	Aspect=Perf|Gender=Neut|Mood=Ind|Number=Sing|Tense=Past|VerbForm=Fin|Voice=Mid	_	_	_	@yusr1955m-words#@yusr1955m#207.582#208.006
692	объединить	объединить	VERB	_	Aspect=Perf|VerbForm=Inf|Voice=Act	_	_	_	@yusr1955m-words#@yusr1955m#208.006#208.43
693	а	о	X	_	Foreign=Yes	_	_	_	@yusr1955m-words#@yusr1955m#208.43#208.854
694	/	/	PUNCT	_	_	_	_	_	@yusr1955m-words#@yusr1955m#208.854#209.278
695	так	так	ADV	_	Degree=Pos	_	_	_	@yusr1955m-words#@yusr1955m#209.278#209.702
696	называемою	называемый	ADV	_	Degree=Pos	_	_	_	@yusr1955m-words#@yusr1955m#209.702#210.126
697	э	эра	X	_	Foreign=Yes	_	_	_	@yusr1955m-words#@yusr1955m#210.126#210.55
698	/	/	PUNCT	_	_	_	_	_	@yusr1955m-words#@yusr1955m#210.55#210.974
699	счет	счет	NOUN	_	Animacy=Inan|Case=Acc|Gender=Masc|Number=Sing	_	_	_	@yusr1955m-words#@yusr1955m#210.974#211.398
700	/	/	PUNCT	_	_	_	_	_	@yusr1955m-words#@yusr1955m#211.398#211.822
701	физику	физика	NOUN	_	Animacy=Inan|Case=Acc|Gender=Fem|Number=Sing	_	_	_	@yusr1955m-words#@yusr1955m#211.822#212.246
702	/	/	PUNCT	_	_	_	_	_	@yusr1955m-words#@yusr1955m#212.246#212.67
703	химию	химия	NOUN	_	Animacy=Inan|Case=Acc|Gender=Fem|Number=Sing	_	_	_	@yusr1955m-words#@yusr1955m#212.67#213.094
704	/	/	PUNCT	_	_	_	_	_	@yusr1955m-words#@yusr1955m#213.094#213.518
705	в	в	ADP	_	_	_	_	_	@yusr1955m-words#@yusr1955m#213.518#213.942
706	единую	единый	ADJ	_	Case=Acc|Degree=Pos|Gender=Fem|Number=Sing	_	_	_	@yusr1955m-words#@yusr1955m#213.942#214.366
707	систему	система	NOUN	_	Animacy=Inan|Case=Acc|Gender=Fem|Number=Sing	_	_	_	@yusr1955m-words#@yusr1955m#214.366#214.79
708	знаний	знание	NOUN	_	Animacy=Inan|Case=Gen|Gender=Neut|Number=Plur	_	_	_	@yusr1955m-words#@yusr1955m#214.79#215.239
709	все	все	DET	_	Case=Acc|Gender=Neut|Number=Sing	_	_	_	@yusr1955m-words#@yusr1955m#216.048#216.327
710	остальное	остальной	ADJ	_	Case=Acc|Degree=Pos|Gender=Neut|Number=Sing	_	_	_	@yusr1955m-words#@yusr1955m#216.327#216.606
711	из	из	ADP	_	_	_	_	_	@yusr1955m-words#@yusr1955m#216.606#216.885
712	них	они	PRON	_	Case=Gen|Number=Plur|Person=3	_	_	_	@yusr1955m-words#@yusr1955m#216.885#217.164
713	проистекает	проистекать	VERB	_	Aspect=Imp|Mood=Ind|Number=Sing|Person=3|Tense=Pres|VerbForm=Fin|Voice=Act	_	_	_	@yusr1955m-words#@yusr1955m#217.164#217.443
714	а	а	CCONJ	_	_	_	_	_	@yusr1955m-words#@yusr1955m#218.626#219.082
715	у	у	ADP	_	_	_	_	_	@yusr1955m-words#@yusr1955m#219.082#219.538
716	нас	мы	PRON	_	Case=Gen|Number=Plur|Person=1	_	_	_	@yusr1955m-words#@yusr1955m#219.538#219.994
717	а	о	CCONJ	_	_	_	_	_	@yusr1955m-words#@yusr1955m#219.994#220.45
718	э	эра	INTJ	_	_	_	_	_	@yusr1955m-words#@yusr1955m#220.45#220.906
719	взаимодействие	взаимодействие	NOUN	_	Animacy=Inan|Case=Nom|Gender=Neut|Number=Sing	_	_	_	@yusr1955m-words#@yusr1955m#220.906#221.362
720	электрического	электрический	ADJ	_	Case=Gen|Degree=Pos|Gender=Neut|Number=Sing	_	_	_	@yusr1955m-words#@yusr1955m#221.362#221.818
721	/	/	PUNCT	_	_	_	_	_	@yusr1955m-words#@yusr1955m#221.818#222.274
722	поля	поле	NOUN	_	Animacy=Inan|Case=Gen|Gender=Neut|Number=Sing	_	_	_	@yusr1955m-words#@yusr1955m#222.274#222.73
723	вселенной	вселенная	NOUN	_	Animacy=Inan|Case=Gen|Gender=Fem|Number=Sing	_	_	_	@yusr1955m-words#@yusr1955m#222.73#223.186
724	/	/	PUNCT	_	_	_	_	_	@yusr1955m-words#@yusr1955m#223.186#223.642
725	подменили	подменить	VERB	_	Aspect=Perf|Mood=Ind|Number=Plur|Tense=Past|VerbForm=Fin|Voice=Act	_	_	_	@yusr1955m-words#@yusr1955m#223.642#224.098
726	/	/	PUNCT	_	_	_	_	_	@yusr1955m-words#@yusr1955m#224.098#224.554
727	на	на	ADP	_	_	_	_	_	@yusr1955m-words#@yusr1955m#224.554#225.01
728	различные	различный	ADJ	_	Animacy=Inan|Case=Acc|Degree=Pos|Number=Plur	_	_	_	@yusr1955m-words#@yusr1955m#225.01#225.466
729	другие	другой	ADJ	_	Animacy=Inan|Case=Acc|Degree=Pos|Number=Plur	_	_	_	@yusr1955m-words#@yusr1955m#225.466#225.922
730	понятия	понятие	NOUN	_	Animacy=Inan|Case=Acc|Gender=Neut|Number=Plur	_	_	_	@yusr1955m-words#@yusr1955m#225.922#226.378
731	как	как	SCONJ	_	_	_	_	_	@yusr1955m-words#@yusr1955m#226.378#226.834
732	физика	физика	NOUN	_	Animacy=Inan|Case=Nom|Gender=Fem|Number=Sing	_	_	_	@yusr1955m-words#@yusr1955m#226.834#227.29
733	и	и	CCONJ	_	_	_	_	_	@yusr1955m-words#@yusr1955m#227.29#227.746
734	химия	химия	NOUN	_	Animacy=Inan|Case=Nom|Gender=Fem|Number=Sing	_	_	_	@yusr1955m-words#@yusr1955m#227.746#228.202
735	/	/	PUNCT	_	_	_	_	_	@yusr1955m-words#@yusr1955m#228.202#228.658
736	в	в	ADP	_	_	_	_	_	@yusr1955m-words#@yusr1955m#228.658#229.114
737	природе	природа	NOUN	_	Animacy=Inan|Case=Loc|Gender=Fem|Number=Sing	_	_	_	@yusr1955m-words#@yusr1955m#229.114#229.57
738	все	весь	DET	_	Case=Nom|Number=Plur	_	_	_	@yusr1955m-words#@yusr1955m#229.57#230.026
739	взаимодействия	взаимодействие	NOUN	_	Animacy=Inan|Case=Nom|Gender=Neut|Number=Plur	_	_	_	@yusr1955m-words#@yusr1955m#230.026#230.482
740	носят	носить	VERB	_	Aspect=Imp|Mood=Ind|Number=Plur|Person=3|Tense=Pres|VerbForm=Fin|Voice=Act	_	_	_	@yusr1955m-words#@yusr1955m#230.482#230.938
741	электрический	электрический	ADJ	_	Animacy=Inan|Case=Acc|Degree=Pos|Gender=Masc|Number=Sing	_	_	_	@yusr1955m-words#@yusr1955m#230.938#231.394
742	характер	характер	NOUN	_	Animacy=Inan|Case=Acc|Gender=Masc|Number=Sing	_	_	_	@yusr1955m-words#@yusr1955m#231.394#231.85
743	/	/	PUNCT	_	_	_	_	_	@yusr1955m-words#@yusr1955m#231.85#232.306
744	никакой	никакой	DET	_	Case=Gen|Gender=Fem|Number=Sing	_	_	_	@yusr1955m-words#@yusr1955m#232.306#232.762
745	химии	химия	NOUN	_	Animacy=Inan|Case=Gen|Gender=Fem|Number=Sing	_	_	_	@yusr1955m-words#@yusr1955m#232.762#233.218
746	никакой	никакой	DET	_	Case=Gen|Gender=Fem|Number=Sing	_	_	_	@yusr1955m-words#@yusr1955m#233.218#233.674
747	физики	физика	NOUN	_	Animacy=Inan|Case=Gen|Gender=Fem|Number=Sing	_	_	_	@yusr1955m-words#@yusr1955m#233.674#234.13
748	нет	нет	VERB	_	Aspect=Imp|Mood=Ind|Number=Sing|Person=3|Tense=Pres|VerbForm=Fin|Voice=Act	_	_	_	@yusr1955m-words#@yusr1955m#234.13#234.6
749	ядра	ядро	NOUN	_	Animacy=Inan|Case=Gen|Gender=Neut|Number=Sing	_	_	_	@yusr1955m-words#@yusr1955m#238.0#238.419
750	/	/	PUNCT	_	_	_	_	_	@yusr1955m-words#@yusr1955m#238.419#238.838
751	ядра	ядро	NOUN	_	Animacy=Inan|Case=Gen|Gender=Neut|Number=Sing	_	_	_	@yusr1955m-words#@yusr1955m#238.838#239.257
752	нет	нет	VERB	_	Aspect=Imp|Mood=Ind|Number=Sing|Person=3|Tense=Pres|VerbForm=Fin|Voice=Act	_	_	_	@yusr1955m-words#@yusr1955m#239.257#239.677
753	не	не	PART	_	_	_	_	_	@yusr1955m-words#@yusr1955m#240.582#240.756
754	было	быть	VERB	_	Aspect=Imp|Gender=Neut|Mood=Ind|Number=Sing|Tense=Past|VerbForm=Fin|Voice=Act	_	_	_	@yusr1955m-words#@yusr1955m#240.756#240.93
755	/	/	PUNCT	_	_	_	_	_	@yusr1955m-words#@yusr1955m#240.93#241.104
756	и	и	CCONJ	_	_	_	_	_	@yusr1955m-words#@yusr1955m#241.104#241.278
757	никогда	никогда	ADV	_	Degree=Pos	_	_	_	@yusr1955m-words#@yusr1955m#241.278#241.452
758	не	не	PART	_	_	_	_	_	@yusr1955m-words#@yusr1955m#241.452#241.626
759	будет	быть	AUX	_	Aspect=Imp|Mood=Ind|Number=Sing|Person=3|Tense=Pres|VerbForm=Fin|Voice=Act	_	_	_	@yusr1955m-words#@yusr1955m#241.626#241.801
760	это	это	PRON	_	Animacy=Inan|Case=Nom|Gender=Neut|Number=Sing	_	_	_	@yusr1955m-words#@yusr1955m#242.012#242.491
761	было	быть	AUX	_	Aspect=Imp|Gender=Neut|Mood=Ind|Number=Sing|Tense=Past|VerbForm=Fin|Voice=Act	_	_	_	@yusr1955m-words#@yusr1955m#242.491#242.97
762	экспериментально	экспериментально	ADV	_	Degree=Pos	_	_	_	@yusr1955m-words#@yusr1955m#242.97#243.449
763	опровергается	опровергать	VERB	_	Aspect=Imp|Mood=Ind|Number=Sing|Person=3|Tense=Pres|VerbForm=Fin|Voice=Mid	_	_	_	@yusr1955m-words#@yusr1955m#243.449#243.928
764	элементарно	элементарно	ADV	_	Degree=Pos	_	_	_	@yusr1955m-words#@yusr1955m#243.928#244.409
765	Резерфорда	Резерфорд	PROPN	_	Animacy=Inan|Case=Nom|Gender=Fem|Number=Sing	_	_	_	@yusr1955m-words#@yusr1955m#246.453#247.0
766	сказки	сказка	ADV	_	Degree=Pos	_	_	_	@yusr1955m-words#@yusr1955m#247.296#247.573
767	это	это	PRON	_	Animacy=Inan|Case=Nom|Gender=Neut|Number=Sing	_	_	_	@yusr1955m-words#@yusr1955m#247.573#247.85
768	все	весь	DET	_	Case=Nom|Gender=Neut|Number=Sing	_	_	_	@yusr1955m-words#@yusr1955m#247.85#248.127
769	он	он	PRON	_	Case=Nom|Gender=Masc|Number=Sing|Person=3	_	_	_	@yusr1955m-words#@yusr1955m#248.127#248.404
770	от	от	ADP	_	_	_	_	_	@yusr1955m-words#@yusr1955m#248.404#248.681
771	них	они	PRON	_	Case=Gen|Number=Plur|Person=3	_	_	_	@yusr1955m-words#@yusr1955m#248.681#248.958
772	отказался	отказаться	VERB	_	Aspect=Perf|Gender=Masc|Mood=Ind|Number=Sing|Tense=Past|VerbForm=Fin|Voice=Mid	_	_	_	@yusr1955m-words#@yusr1955m#248.958#249.235
773	сам	сам	ADJ	_	Case=Nom|Degree=Pos|Gender=Masc|Number=Sing	_	_	_	@yusr1955m-words#@yusr1955m#249.235#249.518
774	читайте	читать	VERB	_	Aspect=Imp|Mood=Imp|Number=Plur|Person=2|VerbForm=Fin|Voice=Act	_	_	_	@yusr1955m-words#@yusr1955m#250.685#251.124
775	его	его	DET	_	_	_	_	_	@yusr1955m-words#@yusr1955m#251.124#251.563
776	выступление	выступление	NOUN	_	Animacy=Inan|Case=Acc|Gender=Neut|Number=Sing	_	_	_	@yusr1955m-words#@yusr1955m#251.563#252.002
777	тридцатилетней	тридцатилетний	ADJ	_	Case=Gen|Degree=Pos|Gender=Fem|Number=Sing	_	_	_	@yusr1955m-words#@yusr1955m#252.002#252.441
778	давности	давность	NOUN	_	Animacy=Inan|Case=Gen|Gender=Fem|Number=Sing	_	_	_	@yusr1955m-words#@yusr1955m#252.441#252.88
779	после	после	ADP	_	_	_	_	_	@yusr1955m-words#@yusr1955m#252.88#253.319
780	того	то	PRON	_	Animacy=Inan|Case=Gen|Gender=Neut|Number=Sing	_	_	_	@yusr1955m-words#@yusr1955m#253.319#253.758
781	как	как	SCONJ	_	_	_	_	_	@yusr1955m-words#@yusr1955m#253.758#254.197
782	его	он	PRON	_	Case=Acc|Gender=Masc|Number=Sing|Person=3	_	_	_	@yusr1955m-words#@yusr1955m#254.197#254.636
783	зафиксировали	фиксировать	VERB	_	Aspect=Perf|Mood=Ind|Number=Plur|Tense=Past|VerbForm=Fin|Voice=Act	_	_	_	@yusr1955m-words#@yusr1955m#254.636#255.082
784	да	да	PART	_	_	_	_	_	@yusr1955m-words#@yusr1955m#256.533#256.984
785	/	/	PUNCT	_	_	_	_	_	@yusr1955m-words#@yusr1955m#256.984#257.435
786	он	он	PRON	_	Case=Nom|Gender=Masc|Number=Sing|Person=3	_	_	_	@yusr1955m-words#@yusr1955m#257.435#257.886
787	так	так	ADV	_	Degree=Pos	_	_	_	@yusr1955m-words#@yusr1955m#257.886#258.337
788	и	и	PART	_	_	_	_	_	@yusr1955m-words#@yusr1955m#258.337#258.788
789	сказал	сказать	VERB	_	Aspect=Perf|Gender=Masc|Mood=Ind|Number=Sing|Tense=Past|VerbForm=Fin|Voice=Act	_	_	_	@yusr1955m-words#@yusr1955m#258.788#259.239
790	самое	самый	ADJ	_	Case=Acc|Degree=Pos|Gender=Neut|Number=Sing	_	_	_	@yusr1955m-words#@yusr1955m#259.239#259.69
791	невероятное	невероятный	ADJ	_	Case=Acc|Degree=Pos|Gender=Neut|Number=Sing	_	_	_	@yusr1955m-words#@yusr1955m#259.69#260.141
792	/	/	PUNCT	_	_	_	_	_	@yusr1955m-words#@yusr1955m#260.141#260.592
793	что	что	PRON	_	Case=Acc	_	_	_	@yusr1955m-words#@yusr1955m#260.592#261.043
794	для	для	ADP	_	_	_	_	_	@yusr1955m-words#@yusr1955m#261.043#261.494
795	меня	я	PRON	_	Case=Gen|Number=Sing|Person=1	_	_	_	@yusr1955m-words#@yusr1955m#261.494#261.945
796	оказалось	оказаться	VERB	_	Aspect=Perf|Gender=Neut|Mood=Ind|Number=Sing|Tense=Past|VerbForm=Fin|Voice=Mid	_	_	_	@yusr1955m-words#@yusr1955m#261.945#262.396
797	/	/	PUNCT	_	_	_	_	_	@yusr1955m-words#@yusr1955m#262.396#262.847
798	это	это	PRON	_	Animacy=Inan|Case=Nom|Gender=Neut|Number=Sing	_	_	_	@yusr1955m-words#@yusr1955m#262.847#263.298
799	получается	получаться	VERB	_	Aspect=Imp|Mood=Ind|Number=Sing|Person=3|Tense=Pres|VerbForm=Fin|Voice=Mid	_	_	_	@yusr1955m-words#@yusr1955m#263.298#263.749
800	что	что	SCONJ	_	_	_	_	_	@yusr1955m-words#@yusr1955m#263.749#264.2
801	я	я	PRON	_	Case=Nom|Number=Sing|Person=1	_	_	_	@yusr1955m-words#@yusr1955m#264.2#264.651
802	выстрелил	выстрелять	VERB	_	Aspect=Perf|Gender=Masc|Mood=Ind|Number=Sing|Tense=Past|VerbForm=Fin|Voice=Act	_	_	_	@yusr1955m-words#@yusr1955m#264.651#265.102
803	/	/	PUNCT	_	_	_	_	_	@yusr1955m-words#@yusr1955m#265.102#265.553
804	пятнадцатидюймовым	пятнадцатидюймовый	ADJ	_	Case=Ins|Degree=Pos|Gender=Masc|Number=Sing	_	_	_	@yusr1955m-words#@yusr1955m#265.553#266.004
805	снарядом	снаряд	NOUN	_	Animacy=Inan|Case=Ins|Gender=Masc|Number=Sing	_	_	_	@yusr1955m-words#@yusr1955m#266.004#266.455
806	в	в	ADP	_	_	_	_	_	@yusr1955m-words#@yusr1955m#266.455#266.906
807	папиросную	папиросный	ADJ	_	Case=Acc|Degree=Pos|Gender=Fem|Number=Sing	_	_	_	@yusr1955m-words#@yusr1955m#266.906#267.357
808	листок	листок	NOUN	_	Animacy=Inan|Case=Acc|Gender=Masc|Number=Sing	_	_	_	@yusr1955m-words#@yusr1955m#267.357#267.808
809	бумажки	бумажка	NOUN	_	Animacy=Inan|Case=Gen|Gender=Fem|Number=Sing	_	_	_	@yusr1955m-words#@yusr1955m#267.808#268.283
810	снаряд	снаряд	NOUN	_	Animacy=Inan|Case=Nom|Gender=Masc|Number=Sing	_	_	_	@yusr1955m-words#@yusr1955m#268.992#269.28
811	от	от	ADP	_	_	_	_	_	@yusr1955m-words#@yusr1955m#269.28#269.568
812	него	он	PRON	_	Case=Gen|Gender=Masc|Number=Sing|Person=3	_	_	_	@yusr1955m-words#@yusr1955m#269.568#269.856
813	отскочил	отскочить	VERB	_	Aspect=Perf|Gender=Masc|Mood=Ind|Number=Sing|Tense=Past|VerbForm=Fin|Voice=Act	_	_	_	@yusr1955m-words#@yusr1955m#269.856#270.144
814	и	и	CCONJ	_	_	_	_	_	@yusr1955m-words#@yusr1955m#270.144#270.432
815	угодил	угодить	VERB	_	Aspect=Perf|Gender=Masc|Mood=Ind|Number=Sing|Tense=Past|VerbForm=Fin|Voice=Act	_	_	_	@yusr1955m-words#@yusr1955m#270.432#270.72
816	в	в	ADP	_	_	_	_	_	@yusr1955m-words#@yusr1955m#270.72#271.008
817	меня	я	PRON	_	Case=Gen|Number=Sing|Person=1	_	_	_	@yusr1955m-words#@yusr1955m#271.008#271.298
818	ну	ну	PART	_	_	_	_	_	@yusr1955m-words#@yusr1955m#276.842#277.269
819	вот	вот	PART	_	_	_	_	_	@yusr1955m-words#@yusr1955m#277.269#277.696
820	#одновременно#	#одновременно#	NOUN	_	Animacy=Inan|Case=Gen|Gender=Fem|Number=Sing	_	_	_	@yusr1955m-words#@yusr1955m#277.696#278.123
821	совершенно	совершенно	ADV	_	Degree=Pos	_	_	_	@yusr1955m-words#@yusr1955m#279.873#280.154
822	верно	верно	ADV	_	Degree=Pos	_	_	_	@yusr1955m-words#@yusr1955m#280.154#280.435
823	так	так	ADV	_	Degree=Pos	_	_	_	@yusr1955m-words#@yusr1955m#280.435#280.716
824	вот	вот	PART	_	_	_	_	_	@yusr1955m-words#@yusr1955m#280.716#281.0
825	отказался	отказаться	VERB	_	Aspect=Perf|Gender=Masc|Mood=Ind|Number=Sing|Tense=Past|VerbForm=Fin|Voice=Mid	_	_	_	@yusr1955m-words#@yusr1955m#282.283#282.889
826	вот	вот	PART	_	_	_	_	_	@yusr1955m-words#@yusr1955m#284.1#284.417
827	видите	видеть	VERB	_	Aspect=Imp|Mood=Ind|Number=Plur|Person=2|Tense=Pres|VerbForm=Fin|Voice=Act	_	_	_	@yusr1955m-words#@yusr1955m#284.417#284.734
828	/	/	PUNCT	_	_	_	_	_	@yusr1955m-words#@yusr1955m#284.734#285.051
829	значит	значит	ADV	_	Degree=Pos	_	_	_	@yusr1955m-words#@yusr1955m#285.051#285.368
830	/	/	PUNCT	_	_	_	_	_	@yusr1955m-words#@yusr1955m#285.368#285.685
831	э	эра	INTJ	_	_	_	_	_	@yusr1955m-words#@yusr1955m#285.685#286.002
832	к	к	ADP	_	_	_	_	_	@yusr1955m-words#@yusr1955m#286.002#286.319
833	тому	тот	DET	_	Case=Dat|Gender=Neut|Number=Sing	_	_	_	@yusr1955m-words#@yusr1955m#286.319#286.636
834	времени	время	NOUN	_	Animacy=Inan|Case=Dat|Gender=Neut|Number=Sing	_	_	_	@yusr1955m-words#@yusr1955m#286.636#286.953
835	Резерфорд	Резерфорд	PROPN	_	Animacy=Anim|Case=Nom|Gender=Masc|Number=Sing	_	_	_	@yusr1955m-words#@yusr1955m#286.953#287.27
836	не	не	PART	_	_	_	_	_	@yusr1955m-words#@yusr1955m#287.27#287.587
837	знал	знать	VERB	_	Aspect=Imp|Gender=Masc|Mood=Ind|Number=Sing|Tense=Past|VerbForm=Fin|Voice=Act	_	_	_	@yusr1955m-words#@yusr1955m#287.587#287.904
838	шо	шо	ADV	_	Degree=Pos	_	_	_	@yusr1955m-words#@yusr1955m#287.904#288.221
839	такое	такой	DET	_	Case=Nom|Gender=Neut|Number=Sing	_	_	_	@yusr1955m-words#@yusr1955m#288.221#288.538
840	/	/	PUNCT	_	_	_	_	_	@yusr1955m-words#@yusr1955m#288.538#288.855
841	вакуумные	вакуумный	ADJ	_	Case=Nom|Degree=Pos|Number=Plur	_	_	_	@yusr1955m-words#@yusr1955m#288.855#289.172
842	течеискатели	течеискатель	NOUN	_	Animacy=Anim|Case=Nom|Gender=Masc|Number=Plur	_	_	_	@yusr1955m-words#@yusr1955m#289.172#289.489
843	вот	вот	PART	_	_	_	_	_	@yusr1955m-words#@yusr1955m#290.438#290.919
844	вакуумными	вакуумный	ADJ	_	Case=Ins|Degree=Pos|Number=Plur	_	_	_	@yusr1955m-words#@yusr1955m#290.919#291.4
845	течеискателями	течеискатель	NOUN	_	Animacy=Anim|Case=Ins|Gender=Masc|Number=Plur	_	_	_	@yusr1955m-words#@yusr1955m#291.4#291.881
846	а	а	CCONJ	_	_	_	_	_	@yusr1955m-words#@yusr1955m#291.881#292.362
847	/	/	PUNCT	_	_	_	_	_	@yusr1955m-words#@yusr1955m#292.362#292.843
848	газ	газ	NOUN	_	Animacy=Inan|Case=Nom|Gender=Masc|Number=Sing	_	_	_	@yusr1955m-words#@yusr1955m#292.843#293.324
849	гелий	гелие	NOUN	_	Animacy=Inan|Gender=Masc	_	_	_	@yusr1955m-words#@yusr1955m#293.324#293.811
850	он	он	PRON	_	Case=Nom|Gender=Masc|Number=Sing|Person=3	_	_	_	@yusr1955m-words#@yusr1955m#294.422#294.785
851	же	же	PART	_	_	_	_	_	@yusr1955m-words#@yusr1955m#294.785#295.148
852	альфа-частица	альфа-частица	NOUN	_	Animacy=Anim|Case=Nom|Gender=Neut|Number=Plur	_	_	_	@yusr1955m-words#@yusr1955m#295.148#295.511
853	/	/	PUNCT	_	_	_	_	_	@yusr1955m-words#@yusr1955m#295.511#295.874
854	как	как	SCONJ	_	_	_	_	_	@yusr1955m-words#@yusr1955m#295.874#296.237
855	сегодня	сегодня	ADV	_	Degree=Pos	_	_	_	@yusr1955m-words#@yusr1955m#296.237#296.6
856	признано	признать	VERB	_	Aspect=Perf|Gender=Neut|Number=Sing|Tense=Past|Variant=Short|VerbForm=Part|Voice=Pass	_	_	_	@yusr1955m-words#@yusr1955m#296.6#296.963
857	#одновременно#	#одновременно#	NOUN	_	Animacy=Inan|Case=Gen|Gender=Fem|Number=Sing	_	_	_	@yusr1955m-words#@yusr1955m#296.963#297.327
858	ничего	ничто	PRON	_	Case=Gen	_	_	_	@yusr1955m-words#@yusr1955m#299.744#300.116
859	подобного	подобный	ADJ	_	Case=Gen|Degree=Pos|Gender=Neut|Number=Sing	_	_	_	@yusr1955m-words#@yusr1955m#300.116#300.489
860	значит	значить	VERB	_	Aspect=Imp|Mood=Ind|Number=Sing|Person=3|Tense=Pres|VerbForm=Fin|Voice=Act	_	_	_	@yusr1955m-words#@yusr1955m#301.077#301.373
861	ээ	ээ	NOUN	_	Case=Gen|Degree=Pos|Gender=Fem|Number=Sing	_	_	_	@yusr1955m-words#@yusr1955m#301.373#301.669
862	я...	я...	PROPN	_	Animacy=Anim|Case=Gen|Gender=Fem|Number=Sing	_	_	_	@yusr1955m-words#@yusr1955m#301.669#301.965
863	ядра	ядро	NOUN	_	Animacy=Inan|Case=Gen|Gender=Neut|Number=Sing	_	_	_	@yusr1955m-words#@yusr1955m#301.965#302.261
864	надо	надо	ADV	_	Degree=Pos	_	_	_	@yusr1955m-words#@yusr1955m#302.261#302.557
865	доказывать	доказать	VERB	_	Aspect=Imp|VerbForm=Inf|Voice=Act	_	_	_	@yusr1955m-words#@yusr1955m#302.557#302.853
866	/	/	PUNCT	_	_	_	_	_	@yusr1955m-words#@yusr1955m#302.853#303.149
867	а	а	CCONJ	_	_	_	_	_	@yusr1955m-words#@yusr1955m#303.149#303.445
868	я	я	PRON	_	Case=Nom|Number=Sing|Person=1	_	_	_	@yusr1955m-words#@yusr1955m#303.445#303.741
869	доказываю	доказывать	VERB	_	Aspect=Imp|Mood=Ind|Number=Sing|Person=1|Tense=Pres|VerbForm=Fin|Voice=Act	_	_	_	@yusr1955m-words#@yusr1955m#303.741#304.037
870	это	это	PRON	_	Animacy=Inan|Case=Nom|Gender=Neut|Number=Sing	_	_	_	@yusr1955m-words#@yusr1955m#304.037#304.333
871	элементарно	элементарный	ADV	_	Degree=Pos	_	_	_	@yusr1955m-words#@yusr1955m#304.333#304.629
872	просто	просто	PART	_	_	_	_	_	@yusr1955m-words#@yusr1955m#304.629#304.925
873	вот	вот	PART	_	_	_	_	_	@yusr1955m-words#@yusr1955m#305.971#306.364
874	берет	брать	VERB	_	Aspect=Imp|Mood=Ind|Number=Sing|Person=3|Tense=Pres|VerbForm=Fin|Voice=Act	_	_	_	@yusr1955m-words#@yusr1955m#306.364#306.757
875	э	эра	INTJ	_	_	_	_	_	@yusr1955m-words#@yusr1955m#306.757#307.15
876	все	все	PRON	_	Animacy=Anim|Case=Nom|Number=Plur	_	_	_	@yusr1955m-words#@yusr1955m#307.15#307.543
877	знают	знать	VERB	_	Aspect=Imp|Mood=Ind|Number=Plur|Person=3|Tense=Pres|VerbForm=Fin|Voice=Act	_	_	_	@yusr1955m-words#@yusr1955m#307.543#307.936
878	э	эра	INTJ	_	_	_	_	_	@yusr1955m-words#@yusr1955m#307.936#308.329
879	/	/	PUNCT	_	_	_	_	_	@yusr1955m-words#@yusr1955m#308.329#308.722
880	тысячелетнюю	тысячелетний	ADJ	_	Case=Acc|Degree=Pos|Gender=Fem|Number=Sing	_	_	_	@yusr1955m-words#@yusr1955m#308.722#309.115
881	историю	история	NOUN	_	Animacy=Inan|Case=Acc|Gender=Fem|Number=Sing	_	_	_	@yusr1955m-words#@yusr1955m#309.115#309.508
882	землян	землянин	NOUN	_	Animacy=Anim|Case=Gen|Gender=Masc|Number=Plur	_	_	_	@yusr1955m-words#@yusr1955m#309.508#309.901
883	/	/	PUNCT	_	_	_	_	_	@yusr1955m-words#@yusr1955m#309.901#310.294
884	как	как	SCONJ	_	_	_	_	_	@yusr1955m-words#@yusr1955m#310.294#310.687
885	они	они	PRON	_	Case=Nom|Number=Plur|Person=3	_	_	_	@yusr1955m-words#@yusr1955m#310.687#311.08
886	варят	варить	VERB	_	Aspect=Imp|Mood=Ind|Number=Plur|Person=3|Tense=Pres|VerbForm=Fin|Voice=Act	_	_	_	@yusr1955m-words#@yusr1955m#311.08#311.473
887	стекло	стекло	NOUN	_	Animacy=Inan|Case=Acc|Gender=Neut|Number=Sing	_	_	_	@yusr1955m-words#@yusr1955m#311.473#311.868
888	стекло	стекло	NOUN	_	Animacy=Inan|Case=Acc|Gender=Neut|Number=Sing	_	_	_	@yusr1955m-words#@yusr1955m#312.659#313.044
889	состоит	состоять	VERB	_	Aspect=Imp|Mood=Ind|Number=Sing|Person=3|Tense=Pres|VerbForm=Fin|Voice=Act	_	_	_	@yusr1955m-words#@yusr1955m#313.044#313.429
890	/	/	PUNCT	_	_	_	_	_	@yusr1955m-words#@yusr1955m#313.429#313.814
891	из	из	ADP	_	_	_	_	_	@yusr1955m-words#@yusr1955m#313.814#314.199
892	металла	металл	NOUN	_	Animacy=Inan|Case=Gen|Gender=Masc|Number=Sing	_	_	_	@yusr1955m-words#@yusr1955m#314.199#314.584
893	на	на	ADP	_	_	_	_	_	@yusr1955m-words#@yusr1955m#314.584#314.969
894	семьдесят	семьдесят	NUM	_	Case=Acc	_	_	_	@yusr1955m-words#@yusr1955m#314.969#315.354
895	процентов	процент	NOUN	_	Animacy=Inan|Case=Gen|Gender=Masc|Number=Plur	_	_	_	@yusr1955m-words#@yusr1955m#315.354#315.739
896	кремния	кремний	NOUN	_	Animacy=Inan|Case=Gen|Gender=Masc|Number=Sing	_	_	_	@yusr1955m-words#@yusr1955m#315.739#316.128
897	нет	нет	VERB	_	Aspect=Imp|Mood=Ind|Number=Sing|Person=3|Tense=Pres|VerbForm=Fin|Voice=Act	_	_	_	@yusr1955m-words#@yusr1955m#318.605#319.123
898	кремний	кремний	ADJ	_	Animacy=Inan|Case=Acc|Degree=Pos|Gender=Masc|Number=Sing	_	_	_	@yusr1955m-words#@yusr1955m#319.123#319.641
899	чистокровный	чистокровный	ADJ	_	Animacy=Inan|Case=Acc|Degree=Pos|Gender=Masc|Number=Sing	_	_	_	@yusr1955m-words#@yusr1955m#319.641#320.159
900	металлл	металлл	NOUN	_	Animacy=Inan|Case=Acc|Gender=Masc|Number=Sing	_	_	_	@yusr1955m-words#@yusr1955m#320.159#320.677
901	ну	ну	PART	_	_	_	_	_	@yusr1955m-words#@yusr1955m#321.528#321.861
902	я	я	PRON	_	Case=Nom|Number=Sing|Person=1	_	_	_	@yusr1955m-words#@yusr1955m#321.861#322.194
903	материаловед	материаловед	NOUN	_	Animacy=Anim|Case=Nom|Gender=Masc|Number=Sing	_	_	_	@yusr1955m-words#@yusr1955m#322.194#322.528
904	да	да	PART	_	_	_	_	_	@yusr1955m-words#@yusr1955m#326.043#326.258
905	нет	нет	VERB	_	Aspect=Imp|Mood=Ind|Number=Sing|Person=3|Tense=Pres|VerbForm=Fin|Voice=Act	_	_	_	@yusr1955m-words#@yusr1955m#326.258#326.473
906	вот	вот	PART	_	_	_	_	_	@yusr1955m-words#@yusr1955m#326.473#326.688
907	это	это	PRON	_	Animacy=Inan|Case=Nom|Gender=Neut|Number=Sing	_	_	_	@yusr1955m-words#@yusr1955m#326.688#326.903
908	все	весь	DET	_	Case=Nom|Gender=Neut|Number=Sing	_	_	_	@yusr1955m-words#@yusr1955m#326.903#327.118
909	напридумывали	напридумывать	VERB	_	Aspect=Imp|Mood=Ind|Number=Plur|Tense=Past|VerbForm=Fin|Voice=Act	_	_	_	@yusr1955m-words#@yusr1955m#327.118#327.333
910	ученые	ученый	NOUN	_	Animacy=Anim|Case=Nom|Gender=Masc|Number=Plur	_	_	_	@yusr1955m-words#@yusr1955m#327.333#327.554

